F,Weekday,Booked aud by core courses,Time,Natural Language Processing and Machine Learning,Computer Graphics in Game Development,Advanced agile software design,Modern Application Production,Design Patterns,Economics of Entrepreneurship in IT Industry,Enterprise programming on Javascript - Advanced,Total Virtualization,Product's highly loaded architecture,DevOps,Human Computer Interaction Design for AI,Technical Writing and Communication,Introduction to  Public Speaking for IT-specialist,Advanced Topics in Software Testing,Critical Thinking for IT-specialist,Reading Skills  for IT-specialist,Introduction to IT Entrepreneurship,Programming Windows Services with C++,Advanced Academic Research- Writing and Performance,Volunteer and Crowd-based Approaches in Computing,Design Fiction,Tech Startup Design,Business-track,Personal Efficiency Skills of IT-specialist,Programming in Haskell,Consensus theory and concurrent programming on a shared memory,Functional Programming and Scala Language,Practical Artificial Intelligence,Introduction to Career Development for IT-specialist,Mobile development using QT,Psychology of IT-specialist,Russian as a foreign language,Software Requirements and Specifications,,,,,,
20/01/2020 ,Monday,,09:00-10:30,,,,,,,,,,,,,,,,,,,,,,,"Business-track
Iouri Kotorov
103",,,,,,,,,"Russian as a foreign language (Beginners) (8:00 - 9:30)
Svetlana Sokolova
305",,,,,,,
,,,10:35-12:05,,,,,,,,,,,,,,,,,,,,,,,"Business-track
Iouri Kotorov
103",,,,,,,,,,,,,,,,
,,,12:10-13:40,,,,,,,,,,,,,,,,,,,,,,,,,,,,,,,,,,,,,,,
,,,14:10-15:40,,,,,,,,,,,,,,,,,,,,,,,,,,,,,,,,,,,,,,,
,,,15:45-17:15,,,,,,,,,,,,,,,,,,,,,,,,,,,,,,,,,,,,,,,
,,,17:20-18:50,,,,,,,,,,,,,,,,,,,,,,,,,,,"Functional Programming and Scala Language (Lab)
Eugene Zuev
101",,,,,,,,,,,,
,,,18:55-20:25,,,,,,,,,,,,,,,,,,,,,,,,,,,,,,,,,,,,,,,
,,,20:30-22:00,,,,,,,,,,,,,,,,,,,,,,,,,,,,,,,,,,,,,,,
21/01/2020 ,Tuesday,,09:00-10:30,,,,,,,,,,,,,,,,,,,,,,,,,,,,,,,,,,,,,,,
,,,10:35-12:05,,,,,,,,,,,,,,,,,,,,,,,,,,,,,,,,,,,,,,,
,,,12:10-13:40,,,,,,,,,,,,,,,,,,,,,,,,,,,,,,,,,,,,,,,
,,,14:10-15:40,,,,,,,,,,,,,,,,,,,,,,,,,,,,,,,,,,,,,,,
,,,15:45-17:15,,,,,,,,,,,,,,,,,,,,,,,"Business-track
Iouri Kotorov
102",,,,,,,,,,,,,,,,
,,,17:20-18:50,,,,,,,,,,,,,,,,,,,,,,,"Business-track
Iouri Kotorov
102",,"Programming in Haskell
Nikolay Kudasov
101",,,,,,,,,,,,,,
,,,18:55-20:25,,,,,,,,,,,,,,,,,,,,,,,,,"Programming in Haskell
Nikolay Kudasov
101",,,,,,,,,,,,,,
,,,20:30-22:00,,,,,,,,,,,,,,,,,,,,,,,,,,,,,,,,,,,,,,,
22/01/2020 ,Wednesday,,09:00-10:30,,,,,,,,,,,,,,,,,,,,,,,"Business-track
Iouri Kotorov
102",,,,,,,,,"Russian as a foreign language (Advanced) (8:00 - 9:30)
Svetlana Sokolova
305",,,,,,,
,,,10:35-12:05,,,,,,,,,,,,,,,,,,,,,,,"Business-track
Iouri Kotorov
102",,,"Consensus theory and concurrent programming on a shared memory (Lec)
Alexander Tormasov
313",,,,,,,,,,,,,
,,,12:10-13:40,,,,,,,,,,,,,,,,,,,,,,,,,,,,,,,,,,,,,,,
,,,14:10-15:40,,,,,,,,,,,,,,,,,,,,,,,,,,,,,,,,,,,,,,,
,,,15:45-17:15,,,,,,,,,,,,,,,,,,,,,,,,,,,,,,,,,,,,,,,
,,,17:20-18:50,,,,,,,,,,,,,,,,,,,,,,,,,,"Consensus theory and concurrent programming on a shared memory (Lab)
Artem Burmyakov
318",,,,,"Psychology of IT-specialist
Eleonora Ilina
102",,,,,,,,
,,,18:55-20:25,,,,,,,,,,,,,,,,,,,,,,,,,,,,,,,,,,,,,,,
,,,20:30-22:00,,,,,,,,,,,,,,,,,,,,,,,,,,,,,,,,,,,,,,,
23/01/2020 ,Thursday,,09:00-10:30,,,,,,,,,,,,,,,,,,,,,,,"Business-track
Iouri Kotorov
102",,,,"Functional Programming and Scala Language (Lec)
Eugene Zuev
101",,,,,,,,,,,,
,,,10:35-12:05,,,,,,,,,,,,,,,,,,,,,,,"Business-track
Iouri Kotorov
102",,,,,,,,,,,,,,,,
,,,12:10-13:40,,,,,,,,,,,,,,,,,,,,,,,"Business-track
Iouri Kotorov
301",,,,,,,,,,,,,,,,
,,,14:10-15:40,,,,,,,,,,,,,,,,,,,,,,,,,,,,,,,,,,,,,,,
,,,15:45-17:15,,,,,,,,,,"DevOps
Alfredo Capozucca
103",,,,,,,,,,,,,,,,,,,,,,,,,,,,,
,,,17:20-18:50,,,,,,,,,,"DevOps
Alfredo Capozucca
103",,,,,,,,,,,,,,,,,,,,,,"Russian as a foreign language (Beginners)
Svetlana Sokolova
305",,,,,,,
,,,18:55-20:25,,,,,,,,,,"DevOps
Alfredo Capozucca
103",,,,,,,,,,,,,,,,,,,,,,,,,,,,,
,,,20:30-22:00,,,,,,,,,,,,,,,,,,,,,,,,,,,,,,,,,,,,,,,
24/01/2020 ,Friday,,09:00-10:30,,"Computer Graphics in Game Development
Ivan Belyavtsev
312",,,,,,,,"DevOps
Alfredo Capozucca
103","Human Computer Interaction Design for AI
Sebastian Denef
101",,,,,,"Introduction to IT-Entrepreneurship
Alexander Semenov
314",,,"Volunteer and Crowd-based Approaches in Computing
Salvatore Distefano
104",,,"Business-track
Yuliya Krasylnykova
102",,,,,"Practical Artificial Intelligence
Stanislav Protasov
320",,,,,,,,,,,
,,,10:35-12:05,,"Computer Graphics in Game Development
Ivan Belyavtsev
312",,,,,,,,"DevOps
Alfredo Capozucca
103","Human Computer Interaction Design for AI
Sebastian Denef
101",,,,,,"Introduction to IT-Entrepreneurship
Alexander Semenov
314","Programming Windows Services with C++
Alexey Kostyushko
317",,"Volunteer and Crowd-based Approaches in Computing
Salvatore Distefano
104","Design Fiction
Olga Ignatieva
303","Tech Startup Design
Tatiana Bobrus
301","Business-track
Yuliya Krasylnykova
102",,,,,"Practical Artificial Intelligence
Stanislav Protasov
320",,,,,,,,,,,
,,,12:10-13:40,,"Computer Graphics in Game Development
Ivan Belyavtsev
312",,,,,,,,"DevOps
Alfredo Capozucca
103",,,,,,,"Introduction to IT-Entrepreneurship
Alexander Semenov
314","Programming Windows Services with C++
Alexey Kostyushko
317",,"Volunteer and Crowd-based Approaches in Computing
Salvatore Distefano
104","Design Fiction
Olga Ignatieva
303","Tech Startup Design
Tatiana Bobrus
301","Business-track
Yuliya Krasylnykova
102",,,,,,,,,,,,,,,,
,,,14:10-15:40,,"Computer Graphics in Game Development
Ivan Belyavtsev
312",,,,,,,"Product's highly loaded architecture
Konstantin Arkhipov
102","DevOps
Alfredo Capozucca
103",,,,,,,,,"Advanced Academic Research- Writing and Performance
Alexey Kosyushko
317",,,,,,,,,,,"Mobile development with QT
Sveta Burikova
314",,,,,,,,,
,,,15:45-17:15,,,,,,,,,"Product's highly loaded architecture
Konstantin Arkhipov
102",,,,,,,,,,"Advanced Academic Research- Writing and Performance
Alexey Kosyushko
317",,,,,,,,,,,"Mobile development with QT
Sveta Burikova
314",,,,,,,,,
,,,17:20-18:50,,,,,,,,,,,,,,,,,,,,,,,,,,,,,,,,"Russian as a foreign language (Advanced)
Svetlana Sokolova
305",,,,,,,
,,,18:55-20:25,,,,,,,,,,,,,,,,,,,,,,,,,,,,,,,,,,,,,,,
,,,20:30-22:00,,,,,,,,,,,,,,,,,,,,,,,,,,,,,,,,,,,,,,,
25/01/2020 ,Saturday,,09:00-10:30,,"Computer Graphics in Game Development
Ivan Belyavtsev
312",,,,,,,,"DevOps
Alfredo Capozucca
103","Human Computer Interaction Design for AI
Sebastian Denef
101",,,,,,"Introduction to IT-Entrepreneurship
Alexander Semenov
314",,,"Volunteer and Crowd-based Approaches in Computing
Salvatore Distefano
104",,,,,,,,,,,,,,,,,,,
,,,10:35-12:05,,"Computer Graphics in Game Development
Ivan Belyavtsev
312",,,,,,,,"DevOps
Alfredo Capozucca
103","Human Computer Interaction Design for AI
Sebastian Denef
101",,,,"Critical Thinking for IT-specialist
Sergey Kladko
102",,"Introduction to IT-Entrepreneurship
Alexander Semenov
314","Programming Windows Services with C++
Alexey Kostyushko
306",,"Volunteer and Crowd-based Approaches in Computing
Salvatore Distefano
104","Design Fiction
Olga Ignatieva
316","Tech Startup Design
Tatiana Bobrus
320",,,,,,,,,,,,,,,,,
,,,12:10-13:40,,"Computer Graphics in Game Development
Ivan Belyavtsev
312",,,,,,,,"DevOps
Alfredo Capozucca
103","Human Computer Interaction Design for AI
Sebastian Denef
101",,,,"Critical Thinking for IT-specialist
Sergey Kladko
102",,"Introduction to IT-Entrepreneurship
Alexander Semenov
314","Programming Windows Services with C++
Alexey Kostyushko
306",,"Volunteer and Crowd-based Approaches in Computing
Salvatore Distefano
104","Design Fiction
Olga Ignatieva
316","Tech Startup Design
Tatiana Bobrus
320",,,,,,,,,,,,,,,,,
,,,14:10-15:40,,"Computer Graphics in Game Development
Ivan Belyavtsev
312",,,,,,,,,"Human Computer Interaction Design for AI
Sebastian Denef
101",,,,,"Reading Skills  for IT-specialist
Sergey Kladko
102",,,"Advanced Academic Research- Writing and Performance
Alexey Kosyushko
306",,,,,,,,,,,,,,,,,,,,
,,,15:45-17:15,,,,,,,,,,,,,,,,"Reading Skills  for IT-specialist
Sergey Kladko
102",,,,,,,,,,,,,,,,,,,,,,,
,,,17:20-18:50,,,,,,,,,,,,,,,,,,,,,,,,,,,,,,,,,,,,,,,
,,,18:55-20:25,,,,,,,,,,,,,,,,,,,,,,,,,,,,,,,,,,,,,,,
,,,20:30-22:00,,,,,,,,,,,,,,,,,,,,,,,,,,,,,,,,,,,,,,,
27/01/2020 ,Monday,,09:00-10:30,,,,,,,,,,,,,,,,,,,,,,,"Business-track
Yuliya Krasylnykova
103",,,,,,,,,"Russian as a foreign language (Beginners) (8:00 - 9:30)
Svetlana Sokolova
320",,,,,,,
,,,10:35-12:05,,,,,,,,,,,,,,,,,,,,,,,"Business-track
Yuliya Krasylnykova
103",,,,,,,,,,,,,,,,
,,,12:10-13:40,,,,,,,,,,,,,,,,,,,,,,,,,,,,,,,,,,,,,,,
,,,14:10-15:40,,,,,,,,,,,,,,,,,,,,,,,,,,,,,,,,,,,,,,,
,,,15:45-17:15,,,,,,,,,,,,,,,,,,,,,,,,,,,,,,,,,,,,,,,
,,,17:20-18:50,,,,,,,,,,,,,,,,,,,,,,,,,,,"Functional Programming and Scala Language (Lab)
Eugene Zuev
101",,,,,,,,,,,,
,,,18:55-20:25,,,,,,,,,,,,,,,,,,,,,,,,,,,,,,,,,,,,,,,
,,,20:30-22:00,,,,,,,,,,,,,,,,,,,,,,,,,,,,,,,,,,,,,,,
28/01/2020 ,Tuesday,,09:00-10:30,,,,,,,,,,,,,,,,,,,,,,,,,,,,,,,,,,,,,,,
,,,10:35-12:05,,,,,,,,,,,,,,,,,,,,,,,,,,,,,,,,,,,,,,,
,,,12:10-13:40,,,,,,,,,,,,,,,,,,,,,,,,,,,,,,,,,,,,,,,
,,,14:10-15:40,,,,,,,,,,,,,,,,,,,,,,,,,,,,,,,,,,,,,,,
,,,15:45-17:15,,,,,,,,,,,,,,,,,,,,,,,"Business-track
Iouri Kotorov
102",,,,,,,,,,,,,,,,
,,,17:20-18:50,,,,,,,,,,,,,,,,,,,,,,,"Business-track
Iouri Kotorov
102",,"Programming in Haskell
Nikolay Kudasov
101",,,,,,,,,,,,,,
,,,18:55-20:25,,,,,,,,,,,,,,,,,,,,,,,,,"Programming in Haskell
Nikolay Kudasov
101",,,,,,,,,,,,,,
,,,20:30-22:00,,,,,,,,,,,,,,,,,,,,,,,,,,,,,,,,,,,,,,,
29/01/2020 ,Wednesday,,09:00-10:30,,,,,,,,,,,,,,,,,,,,,,,"Business-track
Yuliya Krasylnykova
102",,,,,,,,,"Russian as a foreign language (Advanced) (8:00 - 9:30)
Svetlana Sokolova
320",,,,,,,
,,,10:35-12:05,,,,,,,,,,,,,,,,,,,,,,,"Business-track
Yuliya Krasylnykova
102",,,"Consensus theory and concurrent programming on a shared memory (Lec)
Alexander Tormasov
313",,,,,,,,,,,,,
,,,12:10-13:40,,,,,,,,,,,,,,,,,,,,,,,"Business-track
Yuliya Krasylnykova
102",,,,,,,,,,,,,,,,
,,,14:10-15:40,,,,,,,,,,,,,,,,,,,,,,,,,,,,,,,,,,,,,,,
,,,15:45-17:15,,,,,,,,,,,,,,,,,,,,,,,,,,,,,,,,,,,,,,,
,,,17:20-18:50,,,,,,,,,,,,,,,,,,,,,,,,,,"Consensus theory and concurrent programming on a shared memory (Lab)
Artem Burmyakov
314",,,,,"Psychology of IT-specialist
Eleonora Ilina
104",,,,,,,,
,,,18:55-20:25,,,,,,,,,,,,,,,,,,,,,,,,,,,,,,,,,,,,,,,
,,,20:30-22:00,,,,,,,,,,,,,,,,,,,,,,,,,,,,,,,,,,,,,,,
30/01/2020 ,Thursday,,09:00-10:30,,,,,,,,,,,,,,,,,,,,,,,"Business-track
Iouri Kotorov
102",,,,"Functional Programming and Scala Language (Lec)
Eugene Zuev
101",,,,,,,,,,,,
,,,10:35-12:05,,,,,,,,,,,,,,,,,,,,,,,"Business-track
Iouri Kotorov
102",,,,,,,,,,,,,,,,
,,,12:10-13:40,,,,,,,,,,,,,,,,,,,,,,,,,,,,,,,,,,,,,,,
,,,14:10-15:40,,,,,,,,,,,,,,,,,,,,,,,,,,,,,,,,,,,,,,,
,,,15:45-17:15,,,,,,,,,,,,,,,,,,,,,,,,,,,,,,,,,,,,,,,
,,,17:20-18:50,,,,,,,,,,,,,,,,,,,,,,,,,,,,,,,,"Russian as a foreign language (Beginners)
Svetlana Sokolova
320",,,,,,,
,,,18:55-20:25,,,,,,,,,,,,,,,,,,,,,,,,,,,,,,,,,,,,,,,
,,,20:30-22:00,,,,,,,,,,,,,,,,,,,,,,,,,,,,,,,,,,,,,,,
31/01/2020 ,Friday,,09:00-10:30,,,"Advanced agile software design
Paolo Ciancarini
312",,,,,,,,,,,,,,,,,"Volunteer and Crowd-based Approaches in Computing
Salvatore Distefano
303",,,"Business-track
Yuliya Krasylnykova
102",,,,,"Practical Artificial Intelligence
Stanislav Protasov
101",,,,,,,,,,,
,,,10:35-12:05,,,"Advanced agile software design
Paolo Ciancarini
312",,,,,,,,,,,,,,,,,"Volunteer and Crowd-based Approaches in Computing
Salvatore Distefano
303",,,"Business-track
Yuliya Krasylnykova
102",,,,,"Practical Artificial Intelligence
Stanislav Protasov
101",,,,,,,,,,,
,,,12:10-13:40,,,"Advanced agile software design
Paolo Ciancarini
312",,,,,,,,,,,"Advanced topics in Software Testing
Mohamad Kassab
103",,,,,,"Volunteer and Crowd-based Approaches in Computing
Salvatore Distefano
303",,,,,,,,,,,,,,,,,,,
,,,14:10-15:40,,,"Advanced agile software design
Paolo Ciancarini
312",,,,,,"Product's highly loaded architecture
Konstantin Arkhipov
102",,,,,"Advanced topics in Software Testing
Mohamad Kassab
103",,,,,,,,,,,,,,,,"Mobile development with QT
Kirill Chuvilin
314",,,,,,,,,
,,,15:45-17:15,,,,,,,,,"Product's highly loaded architecture
Konstantin Arkhipov
102",,,,,"Advanced topics in Software Testing
Mohamad Kassab
103",,,,,,,,,,,,,,,,"Mobile development with QT
Kirill Chuvilin
314",,,,,,,,,
,,,17:20-18:50,,,,,,,,,,,,,,"Advanced topics in Software Testing
Mohamad Kassab
103",,,,,,,,,,,,,,,,"Mobile development with QT
Kirill Chuvilin
314",,"Russian as a foreign language (Advanced)
Svetlana Sokolova
320",,,,,,,
,,,18:55-20:25,,,,,,,,,,,,,,,,,,,,,,,,,,,,,,,,,,,,,,,
,,,20:30-22:00,,,,,,,,,,,,,,,,,,,,,,,,,,,,,,,,,,,,,,,
01/02/2020 ,Saturday,,09:00-10:30,,,"Advanced agile software design
Paolo Ciancarini
312",,,,"Enterprise programming on Javascript - Advanced
Andrey Vlasov
303",,,,,,,,,,,,,"Volunteer and Crowd-based Approaches in Computing
Salvatore Distefano
102",,,,,,,,,,,,,,,,,,,
,,,10:35-12:05,,,"Advanced agile software design
Paolo Ciancarini
312",,,,"Enterprise programming on Javascript - Advanced
Andrey Vlasov
303",,,,,,,,,,,,,"Volunteer and Crowd-based Approaches in Computing
Salvatore Distefano
102",,,,,,,,,,,,,,,,,,,
,,,12:10-13:40,,,"Advanced agile software design
Paolo Ciancarini
312",,,,,,,,,,,"Advanced topics in Software Testing
Mohamad Kassab
103",,,,,,"Volunteer and Crowd-based Approaches in Computing
Salvatore Distefano
102",,,,,,,,,,,,,,,,,,,
,,,14:10-15:40,,,"Advanced agile software design
Paolo Ciancarini
312",,,,,,,,,,,"Advanced topics in Software Testing
Mohamad Kassab
103",,,,,,,,,,,,,,,,,,,,,,,,,
,,,15:45-17:15,,,,,,,,,,,,,,"Advanced topics in Software Testing
Mohamad Kassab
103",,,,,,,,,,,,,,,,,,,,,,,,,
,,,17:20-18:50,,,,,,,,,,,,,,"Advanced topics in Software Testing
Mohamad Kassab
103",,,,,,,,,,,,,,,,,,,,,,,,,
,,,18:55-20:25,,,,,,,,,,,,,,,,,,,,,,,,,,,,,,,,,,,,,,,
,,,20:30-22:00,,,,,,,,,,,,,,,,,,,,,,,,,,,,,,,,,,,,,,,
03/02/2020 ,Monday,,09:00-10:30,,,,,,,,,,,,,,,,,,,,,,,"Business-track
Iouri Kotorov
103",,,,,,,,,"Russian as a foreign language (Beginners) (8:00 - 9:30)
Svetlana Sokolova
320",,,,,,,
,,,10:35-12:05,,,,,,,,,,,,,,,,,,,,,,,"Business-track
Iouri Kotorov
103",,,,,,,,,,,,,,,,
,,,12:10-13:40,,,,,,,,,,,,,,,,,,,,,,,"Business-track
Iouri Kotorov
103",,,,,,,,,,,,,,,,
,,,14:10-15:40,,,,,,,,,,,,,,,,,,,,,,,,,,,,,,,,,,,,,,,
,,,15:45-17:15,,,,,,,,,,,,,,,,,,,,,,,,,,,,,,,,,,,,,,,
,,,17:20-18:50,,,,,,,,,,,,,,,,,,,,,,,,,,,"Functional Programming and Scala Language (Lab)
Eugene Zuev
101",,,,,,,,,,,,
,,,18:55-20:25,,,,,,,,,,,,,,,,,,,,,,,,,,,,,,,,,,,,,,,
,,,20:30-22:00,,,,,,,,,,,,,,,,,,,,,,,,,,,,,,,,,,,,,,,
04/02/2020 ,Tuesday,,09:00-10:30,,,,,,,,,,,,,,,,,,,,,,,,,,,,,,,,,,,,,,,
,,,10:35-12:05,,,,,,,,,,,,,,,,,,,,,,,,,,,,,,,,,,,,,,,
,,,12:10-13:40,,,,,,,,,,,,,,,,,,,,,,,,,,,,,,,,,,,,,,,
,,,14:10-15:40,,,,,,,,,,,,,,,,,,,,,,,,,,,,,,,,,,,,,,,
,,,15:45-17:15,,,,,,,,,,,,,,,,,,,,,,,"Business-track
Hannes Hofstadler
103",,,,,,,,,,,,,,,,
,,,17:20-18:50,,,,,,,,,,,,,,,,,,,,,,,"Business-track
Hannes Hofstadler
103",,"Programming in Haskell
Nikolay Kudasov
313",,,,,,,,,,,,,,
,,,18:55-20:25,,,,,,,,,,,,,,,,,,,,,,,,,"Programming in Haskell
Nikolay Kudasov
313",,,,,,,,,,,,,,
,,,20:30-22:00,,,,,,,,,,,,,,,,,,,,,,,,,,,,,,,,,,,,,,,
05/02/2020 ,Wednesday,,09:00-10:30,,,,,,,,,,,,,,,,,,,,,,,"Business-track
Hannes Hofstadler
102",,,,,,,,,"Russian as a foreign language (Advanced) (8:00 - 9:30)
Svetlana Sokolova
320",,,,,,,
,,,10:35-12:05,,,,,,,,,,,,,,,,,,,,,,,"Business-track
Hannes Hofstadler
102",,,"Consensus theory and concurrent programming on a shared memory (Lec)
Alexander Tormasov
313",,,,,,,,,,,,,
,,,12:10-13:40,,,,,,,,,,,,,,,,,,,,,,,"Business-track
Hannes Hofstadler/Iouri Kotorov
102",,,,,,,,,,,,,,,,
,,,14:10-15:40,,,,,,,,,,,,,,,,,,,,,,,,,,,,,,,,,,,,,,,
,,,15:45-17:15,,,,,,,,,,,,,,,,,,,,,,,,,,,,,,,,,,,,,,,
,,,17:20-18:50,,,,,,,,,,,,,,,,,,,,,,,,,,"Consensus theory and concurrent programming on a shared memory (Lab)
Artem Burmyakov
314",,,,,"Psychology of IT-specialist
Eleonora Ilina
104",,,,,,,,
,,,18:55-20:25,,,,,,,,,,,,,,,,,,,,,,,,,,,,,,,,,,,,,,,
,,,20:30-22:00,,,,,,,,,,,,,,,,,,,,,,,,,,,,,,,,,,,,,,,
06/02/2020 ,Thursday,,09:00-10:30,,,,,,,,,,,,,,,,,,,,,,,"Business-track
Hannes Hofstadler
102",,,,"Functional Programming and Scala Language (Lec)
Eugene Zuev
101",,,,,,,,,,,,
,,,10:35-12:05,,,,,,,,,,,,,,,,,,,,,,,"Business-track
Hannes Hofstadler
102",,,,,,,,,,,,,,,,
,,,12:10-13:40,,,,,,,,,,,,,,,,,,,,,,,,,,,,,,,,,,,,,,,
,,,14:10-15:40,,,,,,,,,,,,,,,,,,,,,,,,,,,,,,,,,,,,,,,
,,,15:45-17:15,,,,,,,,,,,,,,,,,,,,,,,,,,,,,,,,,,,,,,,
,,,17:20-18:50,,,,,,,,,,,,,,,,,,,,,,,,,,,,,,,,"Russian as a foreign language (Beginners)
Svetlana Sokolova
320",,,,,,,
,,,18:55-20:25,,,,,,,,,,,,,,,,,,,,,,,,,,,,,,,,,,,,,,,
,,,20:30-22:00,,,,,,,,,,,,,,,,,,,,,,,,,,,,,,,,,,,,,,,
07/02/2020 ,Friday,,09:00-10:30,,,,,,,,,,,,,,,,,,,,,,,"Business-track
Hannes Hofstadler
102",,,,,"Practical Artificial Intelligence
Stanislav Protasov
101",,,,,,,,,,,
,,,10:35-12:05,,,,,,,,,,,,,,"Advanced topics in Software Testing
Mohamad Kassab
301",,,,"Programming Windows Services with C++
Alexey Kostyushko
317",,,"Design Fiction
Olga Ignatieva
303",,"Business-track
Hannes Hofstadler
102",,,,,"Practical Artificial Intelligence
Stanislav Protasov
101",,,,,,,,,,,
,,,12:10-13:40,,,,,,,,"Total Virtualization
Anna Melekhova
307",,,,,,"Advanced topics in Software Testing
Mohamad Kassab
301",,,,"Programming Windows Services with C++
Alexey Kostyushko
317",,,"Design Fiction
Olga Ignatieva
303",,,,,,,,,,,,,,,,,,
,,,14:10-15:40,,,,,,,,"Total Virtualization
Anna Melekhova
307","Product's highly loaded architecture
Konstantin Arkhipov
102",,,,,"Advanced topics in Software Testing
Mohamad Kassab
301",,,,,"Advanced Academic Research- Writing and Performance
Alexey Kosyushko
317",,,,,,,,,,,"Mobile development with QT
Sveta Burikova
104",,,,,,,,,
,,,15:45-17:15,,,,,,,,"Total Virtualization
Anna Melekhova
307","Product's highly loaded architecture
Konstantin Arkhipov
102",,,,,"Advanced topics in Software Testing
Mohamad Kassab
301",,,,,"Advanced Academic Research- Writing and Performance
Alexey Kosyushko
317",,,,,,,,,,,"Mobile development with QT
Sveta Burikova
104",,,,,,,,,
,,,17:20-18:50,,,,,,,,"Total Virtualization
Anna Melekhova
307",,,,,,,,,,,,,,,,,,,,,,,,"Russian as a foreign language (Advanced)
Svetlana Sokolova
320",,,,,,,
,,,18:55-20:25,,,,,,,,,,,,,,,,,,,,,,,,,,,,,,,,,,,,,,,
,,,20:30-22:00,,,,,,,,,,,,,,,,,,,,,,,,,,,,,,,,,,,,,,,
08/02/2020 ,Saturday,,09:00-10:30,,,,,,,"Enterprise programming on Javascript - Advanced
Andrey Vlasov
303","Total Virtualization
Anna Melekhova
312",,,,,,,,,,,,,,"Tech Startup Design
Tatiana Bobrus
320",,,,,,,,,,,,,,,,,
,,,10:35-12:05,,,,,,,"Enterprise programming on Javascript - Advanced
Andrey Vlasov
303","Total Virtualization
Anna Melekhova
312",,,,,,,"Critical Thinking for IT-specialist
Sergey Kladko
102",,,"Programming Windows Services with C++
Alexey Kostyushko
306",,,"Design Fiction
Olga Ignatieva
316","Tech Startup Design
Tatiana Bobrus
320",,,,,,,,,,,,,,,,,
,,,12:10-13:40,,,,,,,,"Total Virtualization
Anna Melekhova
312",,,,,,"Advanced topics in Software Testing
Mohamad Kassab
101","Critical Thinking for IT-specialist
Sergey Kladko
102",,,"Programming Windows Services with C++
Alexey Kostyushko
306",,,"Design Fiction
Olga Ignatieva
316","Tech Startup Design
Tatiana Bobrus
320",,,,,,,,,,,,,,,,,
,,,14:10-15:40,,,,,,,,"Total Virtualization
Anna Melekhova
312",,,,,,"Advanced topics in Software Testing
Mohamad Kassab
101",,"Reading Skills  for IT-specialist
Sergey Kladko
102",,,"Advanced Academic Research- Writing and Performance
Alexey Kosyushko
306",,,,,,,,,,,,,,,,,,,,
,,,15:45-17:15,,,,,,,,,,,,,,"Advanced topics in Software Testing
Mohamad Kassab
101",,"Reading Skills  for IT-specialist
Sergey Kladko
102",,,,,,,,,,,,,,,,,,,,,,,
,,,17:20-18:50,,,,,,,,,,,,,,"Advanced topics in Software Testing
Mohamad Kassab
101",,,,,,,,,,,,,,,,,,,,,,,,,
,,,18:55-20:25,,,,,,,,,,,,,,,,,,,,,,,,,,,,,,,,,,,,,,,
,,,20:30-22:00,,,,,,,,,,,,,,,,,,,,,,,,,,,,,,,,,,,,,,,
10/02/2020 ,Monday,,09:00-10:30,,,,,,,,,,,,,,,,,,,,,,,"Business-track
Jaroslav Demel
103",,,,,,,,,"Russian as a foreign language (Beginners) (8:00 - 9:30)
Svetlana Sokolova
320",,,,,,,
,,,10:35-12:05,,,,,,,,,,,,,,,,,,,,,,,"Business-track
Jaroslav Demel
103",,,,,,,,,,,,,,,,
,,,12:10-13:40,,,,,,,,,,,,,,,,,,,,,,,,,,,,,,,,,,,,,,,
,,,14:10-15:40,,,,,,,,,,,,,,,,,,,,,,,,,,,,,,,,,,,,,,,
,,,15:45-17:15,,,,,,,,,,,,,,,,,,,,,,,,,,,,,,,,,,,,,,,
,,,17:20-18:50,,,,,,,,,,,,,,,,,,,,,,,,,,,"Functional Programming and Scala Language (Lab)
Eugene Zuev
101",,,,,,,,,,,,
,,,18:55-20:25,,,,,,,,,,,,,,,,,,,,,,,,,,,,,,,,,,,,,,,
,,,20:30-22:00,,,,,,,,,,,,,,,,,,,,,,,,,,,,,,,,,,,,,,,
11/02/2020 ,Tuesday,,09:00-10:30,,,,,,,,,,,,,,,,,,,,,,,,,,,,,,,,,,,,,,,
,,,10:35-12:05,,,,,,,,,,,,,,,,,,,,,,,,,,,,,,,,,,,,,,,
,,,12:10-13:40,,,,,,,,,,,,,,,,,,,,,,,,,,,,,,,,,,,,,,,
,,,14:10-15:40,,,,,,,,,,,,,,,,,,,,,,,,,,,,,,,,,,,,,,,
,,,15:45-17:15,,,,,,,,,,,,,,,,,,,,,,,"Business-track
Jaroslav Demel
103",,,,,,,,,,,,,,,,
,,,17:20-18:50,,,,,,,,,,,,,,,,,,,,,,,"Business-track
Jaroslav Demel
103",,"Programming in Haskell
Nikolay Kudasov
313",,,,,,,,,,,,,,
,,,18:55-20:25,,,,,,,,,,,,,,,,,,,,,,,,,"Programming in Haskell
Nikolay Kudasov
313",,,,,,,,,,,,,,
,,,20:30-22:00,,,,,,,,,,,,,,,,,,,,,,,,,,,,,,,,,,,,,,,
12/02/2020 ,Wednesday,,09:00-10:30,,,,,,,,,,,,,,,,,,,,,,,"Business-track
Jaroslav Demel
102",,,,,,,,,"Russian as a foreign language (Advanced) (8:00 - 9:30)
Svetlana Sokolova
320",,,,,,,
,,,10:35-12:05,,,,,,,,,,,,,,,,,,,,,,,"Business-track
Jaroslav Demel
102",,,"Consensus theory and concurrent programming on a shared memory (Lec)
Alexander Tormasov
313",,,,,,,,,,,,,
,,,12:10-13:40,,,,,,,,,,,,,,,,,,,,,,,"Business-track
Jaroslav Demel/Iouri Kotorov
102",,,,,,,,,,,,,,,,
,,,14:10-15:40,,,,,,,,,,,,,,,,,,,,,,,"Business-track
Jaroslav Demel/Iouri Kotorov
102",,,,,,,,,,,,,,,,
,,,15:45-17:15,,,,,,,,,,,,,,,,,,,,,,,,,,,,,,,,,,,,,,,
,,,17:20-18:50,,,,,,,,,,,,,,,,,,,,,,,,,,"Consensus theory and concurrent programming on a shared memory (Lab)
Artem Burmyakov
314",,,,,"Psychology of IT-specialist
Eleonora Ilina
104",,,,,,,,
,,,18:55-20:25,,,,,,,,,,,,,,,,,,,,,,,,,,,,,,,,,,,,,,,
,,,20:30-22:00,,,,,,,,,,,,,,,,,,,,,,,,,,,,,,,,,,,,,,,
13/02/2020 ,Thursday,,09:00-10:30,,,,,,,,,,,,,,,,,,,,,,,"Business-track
Jaroslav Demel
102",,,,"Functional Programming and Scala Language (Lec)
Eugene Zuev
101",,,,,,,,,,,,
,,,10:35-12:05,,,,,,,,,,,,,,,,,,,,,,,"Business-track
Jaroslav Demel
102",,,,,,,,,,,,,,,,
,,,12:10-13:40,,,,,,,,,,,,,,,,,,,,,,,,,,,,,,,,,,,,,,,
,,,14:10-15:40,,,,,,,,,,,,,,,,,,,,,,,,,,,,,,,,,,,,,,,
,,,15:45-17:15,,,,,,,,,,,,,,,,,,,,,,,,,,,,,,,,,,,,,,,
,,,17:20-18:50,,,,,,,,,,,,,,,,,,,,,,,,,,,,,,,,"Russian as a foreign language (Beginners)
Svetlana Sokolova
320",,,,,,,
,,,18:55-20:25,,,,,,,,,,,,,,,,,,,,,,,,,,,,,,,,,,,,,,,
,,,20:30-22:00,,,,,,,,,,,,,,,,,,,,,,,,,,,,,,,,,,,,,,,
14/02/2020 ,Friday,,09:00-10:30,,,"Advanced agile software design
Paolo Ciancarini
312",,,,,,,,,,,,,,,,,,,,"Business-track
Alexander Semenov
102",,,,,"Practical Artificial Intelligence
Stanislav Protasov
101",,,,,,,,,,,
,,,10:35-12:05,,,"Advanced agile software design
Paolo Ciancarini
312",,,,,,,,,,,,,,,,,,,,"Business-track
Alexander Semenov
102",,,,,"Practical Artificial Intelligence
Stanislav Protasov
101",,,,,,,,,,,
,,,12:10-13:40,,,"Advanced agile software design
Paolo Ciancarini
312",,,,,,,,,,,,,,,,,,,,,,,,,,,,,,,,,,,,
,,,14:10-15:40,,,"Advanced agile software design
Paolo Ciancarini
312",,,,,,"Product's highly loaded architecture
Konstantin Arkhipov
102",,,,,,,,,,,,,,,,,,,,,"Mobile development with QT
Sveta Burikova
104",,,,,,,,,
,,,15:45-17:15,,,,,,,,,"Product's highly loaded architecture
Konstantin Arkhipov
102",,,,,,,,,,,,,,,,,,,,,"Mobile development with QT
Sveta Burikova
104",,,,,,,,,
,,,17:20-18:50,,,,,,,,,,,,,,,,,,,,,,,,,,,,,,,,"Russian as a foreign language (Advanced)
Svetlana Sokolova
320",,,,,,,
,,,18:55-20:25,,,,,,,,,,,,,,,,,,,,,,,,,,,,,,,,,,,,,,,
,,,20:30-22:00,,,,,,,,,,,,,,,,,,,,,,,,,,,,,,,,,,,,,,,
15/02/2020 ,Saturday,,09:00-10:30,,,"Advanced agile software design
Paolo Ciancarini
312",,,,"Enterprise programming on Javascript - Advanced
Andrey Vlasov
303",,,,,,,,,,,,,,,,"Business-track
Alexander Semenov
102",,,,,,,,,,,,,,,,
,,,10:35-12:05,,,"Advanced agile software design
Paolo Ciancarini
312",,,,"Enterprise programming on Javascript - Advanced
Andrey Vlasov
303",,,,,,,,,,,,,,,,"Business-track
Alexander Semenov
102",,,,,,,,,,,,,,,,
,,,12:10-13:40,,,"Advanced agile software design
Paolo Ciancarini
312",,,,,,,,,,,,,,,,,,,,"Business-track
Alexander Semenov
102",,,,,,,,,,,,,,,,
,,,14:10-15:40,,,"Advanced agile software design
Paolo Ciancarini
312",,,,,,,,,,,,,,,,,,,,,,,,,,,,,,,,,,,,
,,,15:45-17:15,,,,,,,,,,,,,,,,,,,,,,,,,,,,,,,,,,,,,,,
,,,17:20-18:50,,,,,,,,,,,,,,,,,,,,,,,,,,,,,,,,,,,,,,,
,,,18:55-20:25,,,,,,,,,,,,,,,,,,,,,,,,,,,,,,,,,,,,,,,
,,,20:30-22:00,,,,,,,,,,,,,,,,,,,,,,,,,,,,,,,,,,,,,,,
17/02/2020 ,Monday,,09:00-10:30,,,,,,,,,,,,,,,,,,,,,,,"Business-track
Wim Rietberg
316",,,,,,,,,"Russian as a foreign language (Beginners) (8:00 - 9:30)
Svetlana Sokolova
320",,,,,,,
,,,10:35-12:05,,,,,,,,,,,,,,,,,,,,,,,"Business-track
Wim Rietberg
316",,,,,,,,,,,,,,,,
,,,12:10-13:40,,,,,,,,,,,,,,,,,,,,,,,,,,,,,,,,,,,,,,,
,,,14:10-15:40,,,,,,,,,,,,,,,,,,,,,,,,,,,,,,,,,,,,,,,
,,,15:45-17:15,,,,,,,,,,,,,,,,,,,,,,,,,,,,,,,,,,,,,,,
,,,17:20-18:50,,,,,,,,,,,,,,,,,,,,,,,,,,,"Functional Programming and Scala Language (Lab)
Eugene Zuev
101",,,,,,,,,,,,
,,,18:55-20:25,,,,,,,,,,,,,,,,,,,,,,,,,,,,,,,,,,,,,,,
,,,20:30-22:00,,,,,,,,,,,,,,,,,,,,,,,,,,,,,,,,,,,,,,,
18/02/2020 ,Tuesday,,09:00-10:30,,,,,,,,,,,,,,,,,,,,,,,,,,,,,,,,,,,,,,,
,,,10:35-12:05,,,,,,,,,,,,,,,,,,,,,,,,,,,,,,,,,,,,,,,
,,,12:10-13:40,,,,,,,,,,,,,,,,,,,,,,,,,,,,,,,,,,,,,,,
,,,14:10-15:40,,,,,,,,,,,,,,,,,,,,,,,,,,,,,,,,,,,,,,,
,,,15:45-17:15,,,,,,,,,,,,,,,,,,,,,,,"Business-track
Wim Rietberg
102",,,,,,,,,,,,,,,,
,,,17:20-18:50,,,,,,,,,,,,,,,,,,,,,,,"Business-track
Wim Rietberg
102",,"Programming in Haskell
Nikolay Kudasov
313",,,,"Introduction to Career Development for IT-specialist
Aliya Samatova
104",,,,,,,,,,
,,,18:55-20:25,,,,,,,,,,,,,,,,,,,,,,,,,"Programming in Haskell
Nikolay Kudasov
313",,,,"Introduction to Career Development for IT-specialist
Aliya Samatova
104",,,,,,,,,,
,,,20:30-22:00,,,,,,,,,,,,,,,,,,,,,,,,,,,,,,,,,,,,,,,
19/02/2020 ,Wednesday,,09:00-10:30,,,,,,,,,,,,,,,,,,,,,,,,"Personal Efficiency Skills of IT-specialist
Evgeny Serochudinov
314",,,,,,,,"Russian as a foreign language (Advanced) (8:00 - 9:30)
Svetlana Sokolova
320",,,,,,,
,,,10:35-12:05,,,,,,,,,,,,,,,,,,,,,,,,"Personal Efficiency Skills of IT-specialist
Evgeny Serochudinov
314",,"Consensus theory and concurrent programming on a shared memory (Lec)
Alexander Tormasov
313",,,,,,,,,,,,,
,,,12:10-13:40,,,,,,,,,,,,,,,,,,,,,,,,,,,,,,,,,,,,,,,
,,,14:10-15:40,,,,,,,,,,,,,,,,,,,,,,,,,,,,,,,,,,,,,,,
,,,15:45-17:15,,,,,,,,,,,,,,,,,,,,,,,,,,,,,,,,,,,,,,,
,,,17:20-18:50,,,,,,,,,,,,,,,,,,,,,,,,,,"Consensus theory and concurrent programming on a shared memory (Lab)
Artem Burmyakov
314",,,,,"Psychology of IT-specialist
Eleonora Ilina
104",,,,,,,,
,,,18:55-20:25,,,,,,,,,,,,,,,,,,,,,,,,,,,,,,,,,,,,,,,
,,,20:30-22:00,,,,,,,,,,,,,,,,,,,,,,,,,,,,,,,,,,,,,,,
20/02/2020 ,Thursday,,09:00-10:30,,,,,,,,,,,,,,,,,,,,,,,"Business-track
Rob van de Star
102",,,,"Functional Programming and Scala Language (Lec)
Eugene Zuev
101",,,,,,,,,,,,
,,,10:35-12:05,,,,,,,,,,,,,,,,,,,,,,,"Business-track
Rob van de Star
102",,,,,,,,,,,,,,,,
,,,12:10-13:40,,,,,,,,,,,,,,,,,,,,,,,,,,,,,,,,,,,,,,,
,,,14:10-15:40,,,,,,,,,,,,,,,,,,,,,,,,,,,,,,,,,,,,,,,
,,,15:45-17:15,,,,,,,,,,,,,,,,,,,,,,,,,,,,,,,,,,,,,,,
,,,17:20-18:50,,,,,,,,,,,,,,,,,,,,,,,,,,,,,,,,"Russian as a foreign language (Beginners)
Svetlana Sokolova
320",,,,,,,
,,,18:55-20:25,,,,,,,,,,,,,,,,,,,,,,,,,,,,,,,,,,,,,,,
,,,20:30-22:00,,,,,,,,,,,,,,,,,,,,,,,,,,,,,,,,,,,,,,,
21/02/2020 , Friday,,09:00-10:30,,"Computer Graphics in Game Development
Ivan Belyavtsev
312",,,,,,,,,,,,,,,,,,,,,"Business-track
Rob van de Star
102",,,,,"Practical Artificial Intelligence
Stanislav Protasov
101",,,,,,,,,,,
,,,10:35-12:05,,"Computer Graphics in Game Development
Ivan Belyavtsev
312",,,,,,,,,,"Technical Writing and Communication
Benjamin Araud
104",,,,,,"Programming Windows Services with C++
Alexey Kostyushko
317",,,,,"Business-track
Rob van de Star
102",,,,,"Practical Artificial Intelligence
Stanislav Protasov
101",,,,,,,,,,,
,,,12:10-13:40,,"Computer Graphics in Game Development
Ivan Belyavtsev
312",,,,,,,,,,"Technical Writing and Communication
Benjamin Araud
104",,,,,,"Programming Windows Services with C++
Alexey Kostyushko
317",,,,,,,,,,,,,,,,,,,,,
,,,14:10-15:40,,"Computer Graphics in Game Development
Ivan Belyavtsev
312",,,,,,"Total Virtualization
Alexey Kostyushko
102","Product's highly loaded architecture
Konstantin Arkhipov
103",,,,"Introduction to Public Speaking for IT-specialist
Benjamin Araud
306",,,,"Introduction to IT-Entrepreneurship
Alexander Semenov
314",,,,,,,,,,,,,"Mobile development with QT
Sveta Burikova
104",,,,,,,,,
,,,15:45-17:15,,,,,,,,"Total Virtualization
Alexey Kostyushko
102","Product's highly loaded architecture
Konstantin Arkhipov
103",,,,"Introduction to Public Speaking for IT-specialist
Benjamin Araud
306",,,,"Introduction to IT-Entrepreneurship
Alexander Semenov
314",,,,,,,,,,,,,"Mobile development with QT
Sveta Burikova
104",,,,,,,,,
,,,17:20-18:50,,,,,,,,,,,,,,,,,"Introduction to IT-Entrepreneurship
Alexander Semenov
314",,,,,,,,,,,,,,,"Russian as a foreign language (Advanced)
Svetlana Sokolova
320",,,,,,,
,,,18:55-20:25,,,,,,,,,,,,,,,,,,,,,,,,,,,,,,,,,,,,,,,
,,,20:30-22:00,,,,,,,,,,,,,,,,,,,,,,,,,,,,,,,,,,,,,,,
22/02/2020 ,Saturday,,09:00-10:30,,"Computer Graphics in Game Development
Ivan Belyavtsev
101",,,,,"Enterprise programming on Javascript - Advanced
Andrey Vlasov
303",,,,,,,,,,,,,,,,,,,,,,,,,,,,,,,,
,,,10:35-12:05,,"Computer Graphics in Game Development
Ivan Belyavtsev
101",,,,,"Enterprise programming on Javascript - Advanced
Andrey Vlasov
303",,,,,,,,,,,,,,,,,,,,,,,,,,,,,,,,
,,,12:10-13:40,,"Computer Graphics in Game Development
Ivan Belyavtsev
101",,,,,,,,,,,,,,,,,,,,,,,,,,,,,,,,,,,,,
,,,14:10-15:40,,,,,,,,,,,,"Technical Writing and Communication
Benjamin Araud
104",,,,,"Introduction to IT-Entrepreneurship
Alexander Semenov
103",,,,,,,,,,,,,,,,,,,,,,
,,,15:45-17:15,,,,,,,,,,,,"Technical Writing and Communication
Benjamin Araud
104",,,,,"Introduction to IT-Entrepreneurship
Alexander Semenov
103",,,,,,,,,,,,,,,,,,,,,,
,,,17:20-18:50,,,,,,,,,,,,,"Introduction to Public Speaking for IT-specialist
Benjamin Araud
104",,,,"Introduction to IT-Entrepreneurship
Alexander Semenov
103",,,,,,,,,,,,,,,,,,,,,,
,,,18:55-20:25,,,,,,,,,,,,,"Introduction to  Public Speaking for IT-specialist
Benjamin Araud
104",,,,,,,,,,,,,,,,,,,,,,,,,,
,,,20:30-22:00,,,,,,,,,,,,,,,,,,,,,,,,,,,,,,,,,,,,,,,
24/02/2020 ,Monday,,09:00-10:30,"Natural Language Processing and Machine Learning
Leon Derczynski
303",,,,,,,,,,,,,,,,,,,,,,"Business-track
Yuliya Krasylnykova
103",,,,,,,,,"Russian as a foreign language (Beginners) (8:00 - 9:30)
Svetlana Sokolova
320",,,,,,,
,,,10:35-12:05,"Natural Language Processing and Machine Learning
Leon Derczynski
312",,,,,,,,,,,,,,,,,,,,,,"Business-track
Yuliya Krasylnykova
103",,,,,,,,,,,,,,,,
,,,12:10-13:40,"Natural Language Processing and Machine Learning
Leon Derczynski
312",,,,,,,,,,,,,,,,,,,,,,"Business-track
Yuliya Krasylnykova
103",,,,,,,,,,,,,,,,
,,,14:10-15:40,,,,,,,,,,,,,,,,,,,,,,,,,,,,,,,,,,,,,,,
,,,15:45-17:15,,,,,,,,,,,,,,,,,,,,,,,,,,,,,,,,,,,,,,,
,,,17:20-18:50,,,,,,,,,,,,,,,,,,,,,,,,,,,"Functional Programming and Scala Language (Lab)
Eugene Zuev
101",,,,,,,,,,,,
,,,18:55-20:25,,,,,,,,,,,,,,,,,,,,,,,,,,,,,,,,,,,,,,,
,,,20:30-22:00,,,,,,,,,,,,,,,,,,,,,,,,,,,,,,,,,,,,,,,
25/02/2020 ,Tuesday,,09:00-10:30,,,,,,,,,,,,,,,,,,,,,,,,,,,,,,,,,,,,,,,
,,,10:35-12:05,,,,,,,,,,,,,,,,,,,,,,,,,,,,,,,,,,,,,,,
,,,12:10-13:40,,,,,,,,,,,,,,,,,,,,,,,,,,,,,,,,,,,,,,,
,,,14:10-15:40,,,,,,,,,,,,,,,,,,,,,,,,,,,,,,,,,,,,,,,
,,,15:45-17:15,,,,,,,,,,,,,,,,,,,,,,,"Business-track
Hannes Hofstadler
103",,,,,,,,,,,,,,,,
,,,17:20-18:50,"Natural Language Processing and Machine Learning
Leon Derczynski
303",,,,,,,,,,,,,,,,,,,,,,"Business-track
Hannes Hofstadler
103",,"Programming in Haskell
Nikolay Kudasov
313",,,,,,,,,,,,,,
,,,18:55-20:25,,,,,,,,,,,,,,,,,,,,,,,,,"Programming in Haskell
Nikolay Kudasov
313",,,,,,,,,,,,,,
,,,20:30-22:00,,,,,,,,,,,,,,,,,,,,,,,,,,,,,,,,,,,,,,,
26/02/2020 , Wednesday,,09:00-10:30,"Natural Language Processing and Machine Learning
Leon Derczynski
312",,,,,,,,,,,,,,,,,,,,,,"Business-track
Hannes Hofstadler
102","Personal Efficiency Skills of IT-specialist
Evgeny Serochudinov
314",,,,,,,,"Russian as a foreign language (Advanced) (8:00 - 9:30)
Svetlana Sokolova
320",,,,,,,
,,,10:35-12:05,"Natural Language Processing and Machine Learning
Leon Derczynski
312",,,,,,,,,,,,,,,,,,,,,,"Business-track
Hannes Hofstadler
102","Personal Efficiency Skills of IT-specialist
Evgeny Serochudinov
314",,"Consensus theory and concurrent programming on a shared memory (Lec)
Alexander Tormasov
313",,,,,,,,,,,,,
,,,12:10-13:40,,,,,,,,,,,,,,,,,,,,,,,,,,,,,,,,,,,,,,,
,,,14:10-15:40,,,,,,,,,,,,,,,,,,,,,,,,,,,,,,,,,,,,,,,
,,,15:45-17:15,,,,,,,,,,,,,,,,,,,,,,,,,,,,,,,,,,,,,,,
,,,17:20-18:50,,,,,,,,,,,,,,,,,,,,,,,,,,"Consensus theory and concurrent programming on a shared memory (Lab)
Artem Burmyakov
314",,,,,"Psychology of IT-specialist
Eleonora Ilina
104",,,,,,,,
,,,18:55-20:25,,,,,,,,,,,,,,,,,,,,,,,,,,,,,,,,,,,,,,,
,,,20:30-22:00,,,,,,,,,,,,,,,,,,,,,,,,,,,,,,,,,,,,,,,
27/02/2020 ,Thursday,,09:00-10:30,"Natural Language Processing and Machine Learning
Leon Derczynski
317",,,,,,,,,,,,,,,,,,,,,,"Business-track
Hannes Hofstadler
102",,,,"Functional Programming and Scala Language (Lec)
Eugene Zuev
101",,,,,,,,,,,,
,,,10:35-12:05,,,,,,,,,,,,,,,,,,,,,,,"Business-track
Hannes Hofstadler
102",,,,,,,,,,,,,,,,
,,,12:10-13:40,,,,,,,,,,,,,,,,,,,,,,,,,,,,,,,,,,,,,,,
,,,14:10-15:40,,,,,,,,,,,,,,,,,,,,,,,,,,,,,,,,,,,,,,,
,,,15:45-17:15,"Natural Language Processing and Machine Learning
Leon Derczynski
105",,,,,,,,,"DevOps
Alfredo Capozucca
103",,,,,,,,,,,,,,,,,,,,,,,,,,,,,
,,,17:20-18:50,,,,,,,,,,"DevOps
Alfredo Capozucca
103",,,,,,,,,,,,,,,,,,,,,,"Russian as a foreign language (Beginners)
Svetlana Sokolova
320",,,,,,,
,,,18:55-20:25,,,,,,,,,,"DevOps
Alfredo Capozucca
103",,,,,,,,,,,,,,,,,,,,,,,,,,,,,
,,,20:30-22:00,,,,,,,,,,,,,,,,,,,,,,,,,,,,,,,,,"Software Requirements and Specifications (Lec)
Alberto Sillitti
102",,,,,,
28/02/2020 ,Friday,,09:00-10:30,,,,,"Design Patterns
Jean-Michel Bruel
104",,,,,"DevOps
Alfredo Capozucca
103",,,,,,,,,,"Volunteer and Crowd-based Approaches in Computing
Salvatore Distefano
303",,,"Business-track
Hannes Hofstadler
102",,,,,"Practical Artificial Intelligence
Stanislav Protasov
101",,,,,"Software Requirements and Specifications (Lec)
Alberto Sillitti
306",,,,,,
,,,10:35-12:05,"Natural Language Processing and Machine Learning
Leon Derczynski
312",,,,"Design Patterns
Jean-Michel Bruel
104",,,,,"DevOps
Alfredo Capozucca
103",,,,,,,,"Programming Windows Services with C++
Alexey Kostyushko
317",,"Volunteer and Crowd-based Approaches in Computing
Salvatore Distefano
303",,,"Business-track
Hannes Hofstadler
102",,,,,"Practical Artificial Intelligence
Stanislav Protasov
101",,,,,"Software Requirements and Specifications (Lec)
Alberto Sillitti
306",,,,,,
,,,12:10-13:40,"Natural Language Processing and Machine Learning
Leon Derczynski
312",,,,"Design Patterns
Jean-Michel Bruel
104",,,,,"DevOps
Alfredo Capozucca
103",,,,"Advanced topics in Software Testing
Mohamad Kassab
301",,,,"Programming Windows Services with C++
Alexey Kostyushko
317",,"Volunteer and Crowd-based Approaches in Computing
Salvatore Distefano
303",,,"Business-track
Yuliya Krasylnykova /Hannes Hofstadler/ Iouri Kotorov
102",,,,,,,,,,"Software Requirements and Specifications (Lec)
Alberto Sillitti
306",,,,,,
,,,14:10-15:40,,,,"Modern Application Production
Jean-Michel Bruel
312",,,,"Total Virtualization
Alexey Kostuyshko
102","Product's highly loaded architecture
Konstantin Arkhipov
106","DevOps
Alfredo Capozucca
314",,,,"Advanced topics in Software Testing
Mohamad Kassab
301",,,,,,,,,,,,,,,,"Mobile development with QT
Sveta Burikova
104",,,"Software Requirements and Specifications (Lab)
Alberto Sillitti
306",,,,,,
,,,15:45-17:15,,,,"Modern Application Production
Jean-Michel Bruel
312",,,,"Total Virtualization
Alexey Kostuyshko
102","Product's highly loaded architecture
Konstantin Arkhipov
106",,,,,"Advanced topics in Software Testing
Mohamad Kassab
301",,,,,,,,,,,,,,,,"Mobile development with QT
Sveta Burikova
104",,,"Software Requirements and Specifications (Lab)
Alberto Sillitti
306",,,,,,
,,,17:20-18:50,,,,"Modern Application Production
Jean-Michel Bruel
312",,,,,,,,,,"Advanced topics in Software Testing
Mohamad Kassab
301",,,,,,,,,,,,,,,,,,"Russian as a foreign language (Advanced)
Svetlana Sokolova
320",,,,,,,
,,,18:55-20:25,,,,,,,,,,,,,,,,,,,,,,,,,,,,,,,,,,,,,,,
,,,20:30-22:00,,,,,,,,,,,,,,,,,,,,,,,,,,,,,,,,,,,,,,,
29/02/2020 ,Saturday,,09:00-10:30,,,,,"Design Patterns
Jean-Michel Bruel
104",,"Enterprise programming on Javascript - Advanced
Andrey Vlasov
303",,,"DevOps
Alfredo Capozucca
103",,,,,,,,,,"Volunteer and Crowd-based Approaches in Computing
Salvatore Distefano
102",,,,,,,,,,,,,,,,,,,
,,,10:35-12:05,,,,,"Design Patterns
Jean-Michel Bruel
104",,"Enterprise programming on Javascript - Advanced
Andrey Vlasov
303",,,"DevOps
Alfredo Capozucca
103",,,,,"Critical Thinking  for IT-specialist
Sergey Kladko
301",,,"Programming Windows Services with C++
Alexey Kostyushko
306",,"Volunteer and Crowd-based Approaches in Computing
Salvatore Distefano
102",,,,,,,,,,,,,"Software Requirements and Specifications (Lec)
Alberto Sillitti
300",,,,,,
,,,12:10-13:40,,,,,"Design Patterns
Jean-Michel Bruel
104",,,,,"DevOps
Alfredo Capozucca
103",,,,"Advanced topics in Software Testing
Mohamad Kassab
101","Critical Thinking  for IT-specialist
Sergey Kladko
301",,,"Programming Windows Services with C++
Alexey Kostyushko
306",,"Volunteer and Crowd-based Approaches in Computing
Salvatore Distefano
102",,,,,,,,,,,,,"Software Requirements and Specifications (Lec)
Alberto Sillitti
300",,,,,,
,,,14:10-15:40,,,,"Modern Application Production
Jean-Michel Bruel
312",,,,,,,,,,"Advanced topics in Software Testing
Mohamad Kassab
101",,"Reading Skills  for IT-specialist
Sergey Kladko
102",,,"Advanced Academic Research- Writing and Performance
Alexey Kosyushko
306",,,,,,,,,,,,,,"Software Requirements and Specifications (Lab)
Alberto Sillitti
300",,,,,,
,,,15:45-17:15,,,,"Modern Application Production
Jean-Michel Bruel
312",,,,,,,,,,"Advanced topics in Software Testing
Mohamad Kassab
101",,"Reading Skills  for IT-specialist
Sergey Kladko
102",,,,,,,,,,,,,,,,,"Software Requirements and Specifications (Lab)
Alberto Sillitti
300",,,,,,
,,,17:20-18:50,,,,"Modern Application Production
Jean-Michel Bruel
312",,,,,,,,,,"Advanced topics in Software Testing
Mohamad Kassab
101",,,,,,,,,,,,,,,,,,,,,,,,,
,,,18:55-20:25,,,,,,,,,,,,,,,,,,,,,,,,,,,,,,,,,,,,,,,
,,,20:30-22:00,,,,,,,,,,,,,,,,,,,,,,,,,,,,,,,,,,,,,,,
02/03/2020 ,Monday,,09:00-10:30,,,,,,,,,,,,,,,,,,,,,,,"Business-track
Ari Stenroos
103",,,,,,,,,"Russian as a foreign language (Beginners) (8:00 - 9:30)
Svetlana Sokolova
320",,,,,,,
,,,10:35-12:05,,,,,,,,,,,,,,,,,,,,,,,"Business-track
Ari Stenroos
103",,,,,,,,,,,,,,,,
,,,12:10-13:40,,,,,,,,,,,,,,,,,,,,,,,,,,,,,,,,,,,,,,,
,,,14:10-15:40,,,,,,,,,,,,,,,,,,,,,,,,,,,,,,,,,,,,,,,
,,,15:45-17:15,,,,,,,,,,,,,,,,,,,,,,,,,,,,,,,,,,,,,,,
,,,17:20-18:50,,,,,,,,,,,,,,,,,,,,,,,,,,,"Functional Programming and Scala Language (Lab)
Eugene Zuev
101",,,,,,,,,,,,
,,,18:55-20:25,,,,,,,,,,,,,,,,,,,,,,,,,,,,,,,,,,,,,,,
,,,20:30-22:00,,,,,,,,,,,,,,,,,,,,,,,,,,,,,,,,,,,,,,,
03/03/2020 ,Tuesday,,09:00-10:30,,,,,,,,,,,,,,,,,,,,,,,,,,,,,,,,,,,,,,,
,,,10:35-12:05,,,,,,,,,,,,,,,,,,,,,,,,,,"Consensus theory and concurrent programming on a shared memory (Lec)
Alexander Tormasov
312",,,,,,,,,,,,,
,,,12:10-13:40,,,,,,,,,,,,,,,,,,,,,,,,,,,,,,,,,,,,,,,
,,,14:10-15:40,,,,,,,,,,,,,,,,,,,,,,,,,,,,,,,,,,,,,,,
,,,15:45-17:15,,,,,,,,,,,,,,,,,,,,,,,"Business-track
Ari Stenroos
103",,,,,,,,,,,,,,,,
,,,17:20-18:50,,,,,,,,,,,,,,,,,,,,,,,"Business-track
Ari Stenroos
103",,"Programming in Haskell
Nikolay Kudasov
313","Consensus theory and concurrent programming on a shared memory (Lab)
Artem Burmyakov
314",,,"Introduction to Career Development for IT-specialist
Aliya Samatova
104",,,,,,,,,,
,,,18:55-20:25,,,,,,,,,,,,,,,,,,,,,,,,,"Programming in Haskell
Nikolay Kudasov
313",,,,"Introduction to Career Development for IT-specialist
Aliya Samatova
104",,,,,,,,,,
,,,20:30-22:00,,,,,,,,,,,,,,,,,,,,,,,,,,,,,,,,,,,,,,,
04/03/2020 ,Wednesday,,09:00-10:30,,,,,,,,,,,,,,,,,,,,,,,,,,,,,,,,"Russian as a foreign language (Advanced) (8:00 - 9:30)
Svetlana Sokolova
320",,,,,,,
,,,10:35-12:05,,,,,,,,,,,,,,,,,,,,,,,,,,"Consensus theory and concurrent programming on a shared memory (Lec)
Alexander Tormasov
313",,,,,,,,,,,,,
,,,12:10-13:40,,,,,,,,,,,,,,,,,,,,,,,,,,,,,,,,,,,,,,,
,,,14:10-15:40,,,,,,,,,,,,,,,,,,,,,,,,,,,,,,,,,,,,,,,
,,,15:45-17:15,,,,,,,,,,,,,,,,,,,,,,,,,,,,,,,,,,,,,,,
,,,17:20-18:50,,,,,,,,,,,,,,,,,,,,,,,,,,"Consensus theory and concurrent programming on a shared memory (Lab)
Artem Burmyakov
314",,,,,"Psychology of IT-specialist
Eleonora Ilina
104",,,,,,,,
,,,18:55-20:25,,,,,,,,,,,,,,,,,,,,,,,,,,,,,,,,,,,,,,,
,,,20:30-22:00,,,,,,,,,,,,,,,,,,,,,,,,,,,,,,,,,,,,,,,
05/03/2020 ,Thursday,,09:00-10:30,,,,,,,,,,,,,,,,,,,,,,,"Business-track
Ari Stenroos
103",,,,"Functional Programming and Scala Language (Lec)
Eugene Zuev
101",,,,,,,,,,,,
,,,10:35-12:05,,,,,,,,,,,,,,,,,,,,,,,"Business-track
Ari Stenroos
103",,,,,,,,,,,,,,,,
,,,12:10-13:40,,,,,,,,,,,,,,,,,,,,,,,,,,,,,,,,,,,,,,,
,,,14:10-15:40,,,,,,,,,,,,,,,,,,,,,,,,,,,,,,,,,,,,,,,
,,,15:45-17:15,,,,,,,,,,,,,,,,,,,,,,,,,,,,,,,,,,,,,,,
,,,17:20-18:50,,,,,,,,,,,,,,,,,,,,,,,,,,,,,,,,"Russian as a foreign language (Beginners)
Svetlana Sokolova
320",,,,,,,
,,,18:55-20:25,,,,,,,,,,,,,,,,,,,,,,,,,,,,,,,,,,,,,,,
,,,20:30-22:00,,,,,,,,,,,,,,,,,,,,,,,,,,,,,,,,,,,,,,,
06/03/2020 ,Friday,,09:00-10:30,,,"Advanced agile software design
Paolo Ciancarini
312",,,,,,,,"Human Computer Interaction Design for AI
Sebastian Denef
314",,,,,,,,,"Volunteer and Crowd-based Approaches in Computing
Salvatore Distefano
303",,,"Business-track
Ari Stenroos
102",,,,,"Practical Artificial Intelligence
Stanislav Protasov
101",,,,,,,,,,,
,,,10:35-12:05,,,"Advanced agile software design
Paolo Ciancarini
312",,,,,,,,"Human Computer Interaction Design for AI
Sebastian Denef
314",,,,,,,,,"Volunteer and Crowd-based Approaches in Computing
Salvatore Distefano
303",,"Tech Startup Design
Tatiana Bobrus
301","Business-track
Ari Stenroos
102",,,,,"Practical Artificial Intelligence
Stanislav Protasov
101",,,,,,,,,,,
,,,12:10-13:40,,,"Advanced agile software design
Paolo Ciancarini
312",,,,,,,,"Human Computer Interaction Design for AI
Sebastian Denef
314",,,,,,,,,"Volunteer and Crowd-based Approaches in Computing
Salvatore Distefano
303","Design Fiction
Olga Ignatieva
103","Tech Startup Design
Tatiana Bobrus
301","Business-track
Ari Stenroos /Iouri Kotorov /Yuliya Krasylnykova
102",,,,,,,,,,,,,,,,
,,,14:10-15:40,,,"Advanced agile software design
Paolo Ciancarini
312",,,"Economics of Entrepreneurship in IT industry
Hein Roelfsema
103",,,"Product's highly loaded architecture
Konstantin Arkhipov
301",,"Human Computer Interaction Design for AI
Sebastian Denef
314",,,,,,,,,,"Design Fiction
Olga Ignatieva
421",,"Business-track
Ari Stenroos /Iouri Kotorov /Yuliya Krasylnykova
102",,,,,,,"Mobile development with QT
Sveta Burikova
306",,,,,,,,,
,,,15:45-17:15,,,,,,"Economics of Entrepreneurship in IT industry
Hein Roelfsema
103",,,"Product's highly loaded architecture
Konstantin Arkhipov
301",,,,,,,,,,,,,,,,,,,,,"Mobile development with QT
Sveta Burikova
306",,,,,,,,,
,,,17:20-18:50,,,,,,"Economics of Entrepreneurship in IT industry
Hein Roelfsema
103",,,,,,,,,,,,,,,,,,,,,,,,,,"Russian as a foreign language (Advanced)
Svetlana Sokolova
320",,,,,,,
,,,18:55-20:25,,,,,,"Economics of Entrepreneurship in IT industry
Hein Roelfsema
103",,,,,,,,,,,,,,,,,,,,,,,,,,,,,,,,,
,,,20:30-22:00,,,,,,,,,,,,,,,,,,,,,,,,,,,,,,,,,,,,,,,
07/03/2020 ,Saturday,,09:00-10:30,,,"Advanced agile software design
Paolo Ciancarini
312",,,,"Enterprise programming on Javascript - Advanced
Andrey Vlasov
303",,,,"Human Computer Interaction Design for AI
Sebastian Denef
101",,,,,,,,,"Volunteer and Crowd-based Approaches in Computing
Salvatore Distefano
103",,,,,,,,,,,,,,,,,,,
,,,10:35-12:05,,,"Advanced agile software design
Paolo Ciancarini
312",,,,"Enterprise programming on Javascript - Advanced
Andrey Vlasov
303",,,,"Human Computer Interaction Design for AI
Sebastian Denef
101",,,,,,,,,"Volunteer and Crowd-based Approaches in Computing
Salvatore Distefano
103","Design Fiction
Olga Ignatieva
316","Tech Startup Design
Tatiana Bobrus
320",,,,,,,,,,,,,,,,,
,,,12:10-13:40,,,"Advanced agile software design
Paolo Ciancarini
312",,,,,"Total virtualization
Alexandr Kriminetskiy
102",,,"Human Computer Interaction Design for AI
Sebastian Denef
101",,,,,,,,,"Volunteer and Crowd-based Approaches in Computing
Salvatore Distefano
103","Design Fiction
Olga Ignatieva
316","Tech Startup Design
Tatiana Bobrus
320",,,,,,,,,,,,,,,,,
,,,14:10-15:40,,,"Advanced agile software design
Paolo Ciancarini
312",,,"Economics of Entrepreneurship in IT industry
Hein Roelfsema
103",,"Total virtualization
Alexandr Kriminetskiy
102",,,"Human Computer Interaction Design for AI
Sebastian Denef
101",,,,,,,,,,,,,,,,,,,,,,,,,,,,
,,,15:45-17:15,,,,,,"Economics of Entrepreneurship in IT industry
Hein Roelfsema
103",,,,,,,,,,,,,,,,,,,,,,,,,,,,,,,,,
,,,17:20-18:50,,,,,,"Economics of Entrepreneurship in IT industry
Hein Roelfsema
103",,,,,,,,,,,,,,,,,,,,,,,,,,,,,,,,,
,,,18:55-20:25,,,,,,"Economics of Entrepreneurship in IT industry
Hein Roelfsema
103",,,,,,,,,,,,,,,,,,,,,,,,,,,,,,,,,
,,,20:30-22:00,,,,,,,,,,,,,,,,,,,,,,,,,,,,,,,,,,,,,,,
09/03/2020 ,Monday,,09:00-10:30,,,,,,,,,,,,,,,,,,,,,,,"Business-track
Iouri Kotorov
103",,,,,,,,,"Russian as a foreign language (Beginners) (8:00 - 9:30)
Svetlana Sokolova
320",,,,,,,
,,,10:35-12:05,,,,,,,,,,,,,,,,,,,,,,,"Business-track
Iouri Kotorov
103",,,,,,,,,,,,,,,,
,,,12:10-13:40,,,,,,,,,,,,,,,,,,,,,,,,,,,,,,,,,,,,,,,
,,,14:10-15:40,,,,,,,,,,,,,,,,,,,,,,,,,,,,,,,,,,,,,,,
,,,15:45-17:15,,,,,,,,,,,,,,,,,,,,,,,,,,,,,,,,,,,,,,,
,,,17:20-18:50,,,,,,,,,,,,,,,,,,,,,,,,,,,"Functional Programming and Scala Language (Lab)
Eugene Zuev
101",,,,,,,,,,,,
,,,18:55-20:25,,,,,,,,,,,,,,,,,,,,,,,,,,,,,,,,,,,,,,,
,,,20:30-22:00,,,,,,,,,,,,,,,,,,,,,,,,,,,,,,,,,,,,,,,
10/03/2020 ,Tuesday,,09:00-10:30,,,,,,,,,,,,,,,,,,,,,,,,,,,,,,,,,,,,,,,
,,,10:35-12:05,,,,,,,,,,,,,,,,,,,,,,,,,,,,,,,,,,,,,,,
,,,12:10-13:40,,,,,,,,,,,,,,,,,,,,,,,,,,,,,,,,,,,,,,,
,,,14:10-15:40,,,,,,,,,,,,,,,,,,,,,,,,,,,,,,,,,,,,,,,
,,,15:45-17:15,,,,,,,,,,,,,,,,,,,,,,,"Business-track
Iouri Kotorov
103",,,,,,,,,,,,,,,,
,,,17:20-18:50,,,,,,,,,,,,,,,,,,,,,,,"Business-track
Iouri Kotorov
103",,"Programming in Haskell
Nikolay Kudasov
313",,,,,,,,,,,,,,
,,,18:55-20:25,,,,,,,,,,,,,,,,,,,,,,,,,"Programming in Haskell
Nikolay Kudasov
313",,,,,,,,,,,,,,
,,,20:30-22:00,,,,,,,,,,,,,,,,,,,,,,,,,,,,,,,,,,,,,,,
11/03/2020 ,Wednesday,,09:00-10:30,,,,,,,,,,,,,,,,,,,,,,,"Business-track
Iouri Kotorov
102",,,,,,,,,"Russian as a foreign language (Advanced) (8:00 - 9:30)
Svetlana Sokolova
320",,,,,,,
,,,10:35-12:05,,,,,,,,,,,,,,,,,,,,,,,"Business-track
Iouri Kotorov
102",,,"Consensus theory and concurrent programming on a shared memory (Lec)
Alexander Tormasov
313",,,,,,,,,,,,,
,,,12:10-13:40,,,,,,,,,,,,,,,,,,,,,,,,,,,,,,,,,,,,,,,
,,,14:10-15:40,,,,,,,,,,,,,,,,,,,,,,,,,,,,,,,,,,,,,,,
,,,15:45-17:15,,,,,,,,,,,,,,,,,,,,,,,,,,,,,,,,,,,,,,,
,,,17:20-18:50,,,,,,,,,,,,,,,,,,,,,,,,,,"Consensus theory and concurrent programming on a shared memory (Lab)
Artem Burmyakov
314",,,,,"Psychology of IT-specialist
Eleonora Ilina
104",,,,,,,,
,,,18:55-20:25,,,,,,,,,,,,,,,,,,,,,,,,,,,,,,,,,,,,,,,
,,,20:30-22:00,,,,,,,,,,,,,,,,,,,,,,,,,,,,,,,,,,,,,,,
12/03/2020 ,Thursday,,09:00-10:30,,,,,,,,,,,,,,,,,,,,,,,"Business-track
Iouri Kotorov
102",,,,"Functional Programming and Scala Language (Lec)
Eugene Zuev
101",,,,,,,,,,,,
,,,10:35-12:05,,,,,,,,,,,,,,,,,,,,,,,"Business-track
Iouri Kotorov
102",,,,,,,,,,,,,,,,
,,,12:10-13:40,,,,,,,,,,,,,,,,,,,,,,,,,,,,,,,,,,,,,,,
,,,14:10-15:40,,,,,,,,,,,,,,,,,,,,,,,,,,,,,,,,,,,,,,,
,,,15:45-17:15,,,,,,,,,,,,,,,,,,,,,,,,,,,,,,,,,,,,,,,
,,,17:20-18:50,,,,,,,,,,,,,,,,,,,,,,,,,,,,,,,,"Russian as a foreign language (Beginners)
Svetlana Sokolova
320",,,,,,,
,,,18:55-20:25,,,,,,,,,,,,,,,,,,,,,,,,,,,,,,,,,,,,,,,
,,,20:30-22:00,,,,,,,,,,,,,,,,,,,,,,,,,,,,,,,,,,,,,,,
13/03/2020 ,Friday,,09:00-10:30,,,,,,,,,,,,,,,,,,,,,,,"Business-track
Yuliya Krasylnykova
102",,,,,"Practical Artificial Intelligence
Stanislav Protasov
101",,,,,,,,,,,
,,,10:35-12:05,,,,,,,,,,,,,,,,,,,,,,,"Business-track
Yuliya Krasylnykova
102",,,,,"Practical Artificial Intelligence
Stanislav Protasov
101",,,,,,,,,,,
,,,12:10-13:40,,,,,,,,,,,,,,,,,,,,,,,"Business-track
Yuliya Krasylnykova
102",,,,,,,,,,,,,,,,
,,,14:10-15:40,,,,"Modern Application Production
Jean-Michel Bruel
103",,"Economics of Entrepreneurship in IT industry
Hein Roelfsema
312",,,"Product's highly loaded architecture
Konstantin Arkhipov
102",,,,,,,,,,,,,,,,,,,,,"Mobile development with QT
Kirill Chuvilin
104",,,,,,,,,
,,,15:45-17:15,,,,"Modern Application Production
Jean-Michel Bruel
103",,"Economics of Entrepreneurship in IT industry
Hein Roelfsema
312",,,"Product's highly loaded architecture
Konstantin Arkhipov
102",,,,,,,,,,,,,,,,,,,,,"Mobile development with QT
Kirill Chuvilin
104",,,,,,,,,
,,,17:20-18:50,,,,"Modern Application Production
Jean-Michel Bruel
103",,"Economics of Entrepreneurship in IT industry
Hein Roelfsema
312",,,,,,,,,,,,,,,,,,,,,,,,,,"Russian as a foreign language (Advanced)
Svetlana Sokolova
320",,,,,,,
,,,18:55-20:25,,,,,,"Economics of Entrepreneurship in IT industry
Hein Roelfsema
312",,,,,,,,,,,,,,,,,,,,,,,,,,,,,,,,,
,,,20:30-22:00,,,,,,,,,,,,,,,,,,,,,,,,,,,,,,,,,,,,,,,
14/03/2020 ,Saturday,,09:00-10:30,,,,,"Design Patterns
Jean-Michel Bruel
103",,"Enterprise programming on Javascript - Advanced
Andrey Vlasov
303",,,,,,,,,,,,,,,,,,,,,,,,,,,,,,,,
,,,10:35-12:05,,,,,"Design Patterns
Jean-Michel Bruel
103",,"Enterprise programming on Javascript - Advanced
Andrey Vlasov
303",,,,,,,,"Critical Thinking  for IT-specialist
Sergey Kladko
104",,,,,,,,,,,,,,,,,,,,,,,,
,,,12:10-13:40,,,,,"Design Patterns
Jean-Michel Bruel
103",,,,,,,,,,"Critical Thinking  for IT-specialist
Sergey Kladko
104",,,,,,,,,,,,,,,,,,,,,,,,
,,,14:10-15:40,,,,,,"Economics of Entrepreneurship in IT industry
Hein Roelfsema
101",,,,,,,,,,"Reading Skills for IT-specialist
Sergey Kladko
104","Introduction to IT-Entrepreneurship
Alexander Semenov
314",,,,,,,,,,,,,,,,,,,,,,
,,,15:45-17:15,,,,,,"Economics of Entrepreneurship in IT industry
Hein Roelfsema
101",,,,,,,,,,"Reading Skills for IT-specialist
Sergey Kladko
104","Introduction to IT-Entrepreneurship
Alexander Semenov
314",,,,,,,,,,,,,,,,,,,,,,
,,,17:20-18:50,,,,,,"Economics of Entrepreneurship in IT industry
Hein Roelfsema
101",,,,,,,,,,,"Introduction to IT-Entrepreneurship
Alexander Semenov
314",,,,,,,,,,,,,,,,,,,,,,
,,,18:55-20:25,,,,,,,,,,,,,,,,,,,,,,,,,,,,,,,,,,,,,,,
,,,20:30-22:00,,,,,,,,,,,,,,,,,,,,,,,,,,,,,,,,,,,,,,,
16/03/2020 ,Monday,,09:00-10:30,"Natural Language Processing and Machine Learning
Leon Derczynski
312",,,,,,,,,,,,,,,,,,,,,,"Business-track
Iouri Kotorov
104","Personal Efficiency Skills
Evgeniy Serochudinov
316",,,,,,,,"Russian as a foreign language (Beginners) (8:00 - 9:30)
Svetlana Sokolova
320",,,,,,,
,,,10:35-12:05,"Natural Language Processing and Machine Learning
Leon Derczynski
312",,,,,,,,,,,,,,,,,,,,,,"Business-track
Iouri Kotorov
104","Personal Efficiency Skills
Evgeniy Serochudinov
316",,,,,,,,,,,,,,,
,,,12:10-13:40,"Natural Language Processing and Machine Learning
Leon Derczynski
312",,,,,,,,,,,,,,,,,,,,,,"Business-track
Iouri Kotorov
104",,,,,,,,,,,,,,,,
,,,14:10-15:40,,,,,,,,,,,,,,,,,,,,,,,,,,,,,,,,,,,,,,,
,,,15:45-17:15,,,,,,,,,,,,,,,,,,,,,,,,,,,,,,,,,,,,,,,
,,,17:20-18:50,,,,,,,,,,,,,,,,,,,,,,,,,,,"Functional Programming and Scala Language (Lab)
Eugene Zuev
101",,,,,,,,,,,,
,,,18:55-20:25,,,,,,,,,,,,,,,,,,,,,,,,,,,,,,,,,,,,,,,
,,,20:30-22:00,,,,,,,,,,,,,,,,,,,,,,,,,,,,,,,,,,,,,,,
17/03/2020 ,Tuesday,,09:00-10:30,,,,,,,,,,,,,,,,,,,,,,,,,,,,,,,,,,,,,,,
,,,10:35-12:05,,,,,,,,,,,,,,,,,,,,,,,,,,,,,,,,,,,,,,,
,,,12:10-13:40,,,,,,,,,,,,,,,,,,,,,,,,,,,,,,,,,,,,,,,
,,,14:10-15:40,,,,,,,,,,,,,,,,,,,,,,,,,,,,,,,,,,,,,,,
,,,15:45-17:15,,,,,,,,,,,,,,,,,,,,,,,,,,,,,,,,,,,,,,,
,,,17:20-18:50,"Natural Language Processing and Machine Learning
Leon Derczynski
103",,,,,,,,,,,,,,,,,,,,,,,,"Programming in Haskell
Nikolay Kudasov
313",,,,,,,,,,,,,,
,,,18:55-20:25,,,,,,,,,,,,,,,,,,,,,,,,,"Programming in Haskell
Nikolay Kudasov
313",,,,,,,,,,,,,,
,,,20:30-22:00,,,,,,,,,,,,,,,,,,,,,,,,,,,,,,,,,,,,,,,
18/03/2020 ,Wednesday,,09:00-10:30,"Natural Language Processing and Machine Learning
Leon Derczynski
103",,,,,,,,,,,,,,,,,,,,,,"Business-track
Yuliya Krasylnykova
102",,,,,,,,,"Russian as a foreign language (Advanced) (8:00 - 9:30)
Svetlana Sokolova
320",,,,,,,
,,,10:35-12:05,"Natural Language Processing and Machine Learning
Leon Derczynski
103",,,,,,,,,,,,,,,,,,,,,,"Business-track
Yuliya Krasylnykova
102",,,"Consensus theory and concurrent programming on a shared memory (Lec)
Alexander Tormasov
313",,,,,,,,,,,,,
,,,12:10-13:40,,,,,,,,,,,,,,,,,,,,,,,"Business-track
Iouri Kotorov /Yuliya Krasylnykova
102",,,,,,,,,,,,,,,,
,,,14:10-15:40,,,,,,,,,,,,,,,,,,,,,,,,,,,,,,,,,,,,,,,
,,,15:45-17:15,,,,,,,,,,,,,,,,,,,,,,,,,,,,,,,,,,,,,,,
,,,17:20-18:50,,,,,,,,,,,,,,,,,,,,,,,,,,"Consensus theory and concurrent programming on a shared memory (Lab)
Artem Burmyakov
314",,,,,"Psychology of IT-specialist
Eleonora Ilina
104",,,,,,,,
,,,18:55-20:25,,,,,,,,,,,,,,,,,,,,,,,,,,,,,,,,,,,,,,,
,,,20:30-22:00,,,,,,,,,,,,,,,,,,,,,,,,,,,,,,,,,,,,,,,
19/03/2020 ,Thursday,,09:00-10:30,"Natural Language Processing and Machine Learning
Leon Derczynski
103",,,,,,,,,,,,,,,,,,,,,,,,,,"Functional Programming and Scala Language (Lec)
Eugene Zuev
101",,,,,,,,,,,,
,,,10:35-12:05,,,,,,,,,,,,,,,,,,,,,,,,,,,,,,,,,,,,,,,
,,,12:10-13:40,,,,,,,,,,,,,,,,,,,,,,,,,,,,,,,,,,,,,,,
,,,14:10-15:40,,,,,,,,,,,,,,,,,,,,,,,,,,,,,,,,,,,,,,,
,,,15:45-17:15,"Natural Language Processing and Machine Learning
Leon Derczynski
103",,,,,,,,,,,,,,,,,,,,,,,,,,,,,,,,,,,,,,
,,,17:20-18:50,,,,,,,,,,,,,,,,,,,,,,,,,,,,,,,,"Russian as a foreign language (Beginners)
Svetlana Sokolova
320",,,,,,,
,,,18:55-20:25,,,,,,,,,,,,,,,,,,,,,,,,,,,,,,,,,,,,,,,
,,,20:30-22:00,,,,,,,,,,,,,,,,,,,,,,,,,,,,,,,,,,,,,,,
20/03/2020 ,Friday,,09:00-10:30,,"Computer Graphics in Game Development
Ivan Belyavtsev
312",,,,,,,,,,,,,,,,,,,,,,,,,,"Practical Artificial Intelligence
Stanislav Protasov
101",,,,,,,,,,,
,,,10:35-12:05,"Natural Language Processing and Machine Learning
Leon Derczynski
321","Computer Graphics in Game Development
Ivan Belyavtsev
312",,,,,,,,,,,,,,,,,,,,,,,,,,"Practical Artificial Intelligence
Stanislav Protasov
101",,,,,,,,,,,
,,,12:10-13:40,"Natural Language Processing and Machine Learning
Leon Derczynski
321","Computer Graphics in Game Development
Ivan Belyavtsev
312",,,,,,,,,,,"Introduction to Public Speaking for IT-specialist
Benjamin Araud
103",,,,,,,,,,,,,,,,,,,,,,,,,,
,,,14:10-15:40,,"Computer Graphics in Game Development
Ivan Belyavtsev
312",,,,,,,"Product's highly loaded architecture
Konstantin Arkhipov
102",,,,"Introduction to Public Speaking for IT-specialist
Benjamin Araud
103",,,,,,,,,,,,,,,,,"Mobile development with QT
Sveta Burikova
104",,,,,,,,,
,,,15:45-17:15,,,,,,,,,"Product's highly loaded architecture
Konstantin Arkhipov
102",,,"Technical Writing and Communication
Benjamin Araud
103",,,,,,,,,,,,,,,,,,"Mobile development with QT
Sveta Burikova
104",,,,,,,,,
,,,17:20-18:50,,,,,,,,,,,,"Technical Writing and Communication
Benjamin Araud
103",,,,,,,,,,,,,,,,,,,,"Russian as a foreign language (Advanced)
Svetlana Sokolova
320",,,,,,,
,,,18:55-20:25,,,,,,,,"Total Virtualization
Anna Melekhova
000",,,,,,,,,,,,,,,,,,,,,,,,,,,,,,,
,,,20:30-22:00,,,,,,,,,,,,,,,,,,,,,,,,,,,,,,,,,,,,,,,
21/03/2020 ,Saturday,,09:00-10:30,,"Computer Graphics in Game Development
Ivan Belyavtsev
312",,,,,"Enterprise programming on Javascript - Advanced
Andrey Vlasov
303",,,,,,,,,,,,,,,,"Business-track
Jaroslav Demel
102",,,,,,,,,,,,,,,,
,,,10:35-12:05,,"Computer Graphics in Game Development
Ivan Belyavtsev
312",,,,,"Enterprise programming on Javascript - Advanced
Andrey Vlasov
303","Total Virtualization
Alexandr Kriminetskiy
104",,,,,,,,,,,,,,,"Business-track
Jaroslav Demel
102",,,,,,,,,,,,,,,,
,,,12:10-13:40,,"Computer Graphics in Game Development
Ivan Belyavtsev
312",,,,,,"Total Virtualization
Alexandr Kriminetskiy
104",,,,,"Introduction to Public Speaking for IT-specialist
Benjamin Araud
103",,,,,,,,,,"Business-track
Jaroslav Demel
102",,,,,,,,,,,,,,,,
,,,14:10-15:40,,"Computer Graphics in Game Development
Ivan Belyavtsev
312",,,,,,,,,,,"Introduction to  Public Speaking for IT-specialist
Benjamin Araud
103",,,,,,,,,,"Business-track
Jaroslav Demel
102",,,,,,,,,,,,,,,,
,,,15:45-17:15,,,,,,,,,,,,"Technical Writing and Communication
Benjamin Araud
103",,,,,,,,,,,,,,,,,,,,,,,,,,,
,,,17:20-18:50,,,,,,,,,,,,"Technical Writing and Communication
Benjamin Araud
103",,,,,,,,,,,,,,,,,,,,,,,,,,,
,,,18:55-20:25,,,,,,,,,,,,,,,,,,,,,,,,,,,,,,,,,,,,,,,
,,,20:30-22:00,,,,,,,,,,,,,,,,,,,,,,,,,,,,,,,,,,,,,,,
23/03/2020 ,Monday,,09:00-10:30,,,,,,,,,,,,,,,,,,,,,,,"Business-track
Jaroslav Demel
103","Personal Efficiency Skills
Evgeniy Serochudinov
316",,,,,,,,"Russian as a foreign language (Beginners) (8:00 - 9:30)
Svetlana Sokolova
320",,,,,,,
,,,10:35-12:05,,,,,,,,,,,,,,,,,,,,,,,"Business-track
Jaroslav Demel
103","Personal Efficiency Skills
Evgeniy Serochudinov
316",,,,,,,,,,,,,,,
,,,12:10-13:40,,,,,,,,,,,,,,,,,,,,,,,"Business-track
Jaroslav Demel/ Iouri Kotorov
103",,,,,,,,,,,,,,,,
,,,14:10-15:40,,,,,,,,,,,,,,,,,,,,,,,"Business-track
Jaroslav Demel/ Iouri Kotorov
103",,,,,,,,,,,,,,,,
,,,15:45-17:15,,,,,,,,,,,,,,,,,,,,,,,,,,,,,,,,,,,,,,,
,,,17:20-18:50,,,,,,,,,,,,,,,,,,,,,,,,,,,"Functional Programming and Scala Language (Lab)
Eugene Zuev
101",,,,,,,,,,,,
,,,18:55-20:25,,,,,,,,"Total Virtualization
Anna Melekhova
104",,,,,,,,,,,,,,,,,,,,,,,,,,,,,,,
,,,20:30-22:00,,,,,,,,,,,,,,,,,,,,,,,,,,,,,,,,,,,,,,,
24/03/2020 ,Tuesday,,09:00-10:30,,,,,,,,,,,,,,,,,,,,,,,,,,,,,,,,,,,,,,,
,,,10:35-12:05,,,,,,,,,,,,,,,,,,,,,,,,,,,,,,,,,,,,,,,
,,,12:10-13:40,,,,,,,,,,,,,,,,,,,,,,,,,,,,,,,,,,,,,,,
,,,14:10-15:40,,,,,,,,,,,,,,,,,,,,,,,,,,,,,,,,,,,,,,,
,,,15:45-17:15,,,,,,,,,,,,,,,,,,,,,,,"Business-track
Jaroslav Demel
103",,,,,,,,,,,,,,,,
,,,17:20-18:50,,,,,,,,,,,,,,,,,,,,,,,"Business-track
Jaroslav Demel
103",,"Programming in Haskell
Nikolay Kudasov
313",,,,,,,,,,,,,,
,,,18:55-20:25,,,,,,,,"Total Virtualization
Anna Melekhova
104",,,,,,,,,,,,,,,,,"Programming in Haskell
Nikolay Kudasov
313",,,,,,,,,,,,,,
,,,20:30-22:00,,,,,,,,,,,,,,,,,,,,,,,,,,,,,,,,,,,,,,,
25/03/2020 ,Wednesday,,09:00-10:30,,,,,,,,,,,,,,,,,,,,,,,,"Personal Efficiency Skills of IT-specialist
Evgeny Serochudinov
314",,,,,,,,"Russian as a foreign language (Advanced) (8:00 - 9:30)
Svetlana Sokolova
320",,,,,,,
,,,10:35-12:05,,,,,,,,,,,,,,,,,,,,,,,,"Personal Efficiency Skills of IT-specialist
Evgeny Serochudinov
314",,,,,,,,,,,,,,,
,,,12:10-13:40,,,,,,,,,,,,,,,,,,,,,,,,,,,,,,,,,,,,,,,
,,,14:10-15:40,,,,,,,,,,,,,,,,,,,,,,,,,,,,,,,,,,,,,,,
,,,15:45-17:15,,,,,,,,,,,,,,,,,,,,,,,,,,,,,,,,,,,,,,,
,,,17:20-18:50,,,,,,,,,,,,,,,,,,,,,,,,,,,,,,,"Psychology of IT-specialist
Eleonora Ilina
104",,,,,,,,
,,,18:55-20:25,,,,,,,,,,,,,,,,,,,,,,,,,,,,,,,,,,,,,,,
,,,20:30-22:00,,,,,,,,,,,,,,,,,,,,,,,,,,,,,,,,,,,,,,,
26/03/2020 ,Thursday,,09:00-10:30,,,,,,,,,,,,,,,,,,,,,,,,,,,"Functional Programming and Scala Language (Lec)
Eugene Zuev
101",,,,,,,,,,,,
,,,10:35-12:05,,,,,,,,,,,,,,,,,,,,,,,,,,"Consensus theory and concurrent programming on a shared memory (Lec)
Alexander Tormasov
314",,,,,,,,,,,,,
,,,12:10-13:40,,,,,,,,,,,,,,,,,,,,,,,,,,,,,,,,,,,,,,,
,,,14:10-15:40,,,,,,,,,,,,,,,,,,,,,,,,,,,,,,,,,,,,,,,
,,,15:45-17:15,,,,,,,,,,,,,,,,,,,,,,,,,,,,,,,,,,,,,,,
,,,17:20-18:50,,,,,,,,,,,,,,,,,,,,,,,,,,"Consensus theory and concurrent programming on a shared memory (Lab)
Artem Burmyakov
314",,,,,,"Russian as a foreign language (Beginners)
Svetlana Sokolova
320",,,,,,,
,,,18:55-20:25,,,,,,,,,,,,,,,,,,,,,,,,,,,,,,,,,,,,,,,
,,,20:30-22:00,,,,,,,,,,,,,,,,,,,,,,,,,,,,,,,,,"Software Requirements and Specifications (Lec)
Alberto Sillitti
321",,,,,,
27/03/2020 ,Friday,,09:00-10:30,,,,,"Design Patterns
Jean-Michel Bruel
321",,,,,,"Human Computer Interaction Design for AI
Sebastian Denef
314",,,,,,,,,,,,,,,,,"Practical Artificial Intelligence
Stanislav Protasov
101",,,,,"Software Requirements and Specifications (Lec)
Alberto Sillitti
103",,,,,,
,,,10:35-12:05,,,,,"Design Patterns
Jean-Michel Bruel
321",,,,,,"Human Computer Interaction Design for AI
Sebastian Denef
314",,,,,,,,,,"Design Fiction
Olga Ignatieva
303","Tech Startup Design
Tatiana Bobrus
301",,,,,,"Practical Artificial Intelligence
Stanislav Protasov
101",,,,,"Software Requirements and Specifications (Lec)
Alberto Sillitti
103",,,,,,
,,,12:10-13:40,,,,,"Design Patterns
Jean-Michel Bruel
321",,,,,,"Human Computer Interaction Design for AI
Sebastian Denef
314",,,,,,,,,,"Design Fiction
Olga Ignatieva
303","Tech Startup Design
Tatiana Bobrus
301",,,,,,,,,,,"Software Requirements and Specifications (Lec)
Alberto Sillitti
103",,,,,,
,,,14:10-15:40,,,,"Modern Application Production
Jean-Michel Bruel
321",,,,,"Product's highly loaded architecture
Konstantin Arkhipov
102",,"Human Computer Interaction Design for AI
Sebastian Denef
314",,,,,,,,,,,,,,,,,,,"Mobile development with QT
Kirill Chuvilin
104",,,"Software Requirements and Specifications (Lec)
Alberto Sillitti
103",,,,,,
,,,15:45-17:15,,,,"Modern Application Production
Jean-Michel Bruel
321",,,,,"Product's highly loaded architecture
Konstantin Arkhipov
102",,,,,,,,,,,,,,,,,,,,,"Mobile development with QT
Kirill Chuvilin
104",,,"Software Requirements and Specifications (Lec)
Alberto Sillitti
103",,,,,,
,,,17:20-18:50,,,,"Modern Application Production
Jean-Michel Bruel
321",,,,,,,,,,,,,,,,,,,,,,,,,,,,"Russian as a foreign language (Advanced)
Svetlana Sokolova
320",,,,,,,
,,,18:55-20:25,,,,,,,,"Total Virtualization
Anna Melekhova
000",,,,,,,,,,,,,,,,,,,,,,,,,,,,,,,
,,,20:30-22:00,,,,,,,,,,,,,,,,,,,,,,,,,,,,,,,,,,,,,,,
28/03/2020 ,Saturday,,09:00-10:30,,,,,"Design Patterns
Jean-Michel Bruel
104",,"Enterprise programming on Javascript - Advanced
Andrey Vlasov
303",,,,"Human Computer Interaction Design for AI
Sebastian Denef
101",,,,,,,,,,,,,,,,,,,,,,,,,,,,
,,,10:35-12:05,,,,,"Design Patterns
Jean-Michel Bruel
104",,"Enterprise programming on Javascript - Advanced
Andrey Vlasov
303",,,,"Human Computer Interaction Design for AI
Sebastian Denef
101",,,,,,,,,,,,,,,,,,,,,,"Software Requirements and Specifications (Lec)
Alberto Sillitti
320",,,,,,
,,,12:10-13:40,,,,,"Design Patterns
Jean-Michel Bruel
104",,,,,,"Human Computer Interaction Design for AI
Sebastian Denef
101",,,,,,,,,,,,,,,,,,,,,,"Software Requirements and Specifications (Lec)
Alberto Sillitti
320",,,,,,
,,,14:10-15:40,,,,"Modern Application Production
Jean-Michel Bruel
312",,,,,,,"Human Computer Interaction Design for AI
Sebastian Denef
101",,,,,,,,,,,,,,,,,,,,,,"Software Requirements and Specifications (Lab)
Alberto Sillitti
320",,,,,,
,,,15:45-17:15,,,,"Modern Application Production
Jean-Michel Bruel
312",,,,,,,,,,,,,,,,,,,,,,,,,,,,,"Software Requirements and Specifications (Lab)
Alberto Sillitti
320",,,,,,
,,,17:20-18:50,,,,"Modern Application Production
Jean-Michel Bruel
312",,,,,,,,,,,,,,,,,,,,,,,,,,,,,,,,,,,
,,,18:55-20:25,,,,,,,,,,,,,,,,,,,,,,,,,,,,,,,,,,,,,,,
,,,20:30-22:00,,,,,,,,,,,,,,,,,,,,,,,,,,,,,,,,,,,,,,,
30/03/2020 ,Monday,,09:00-10:30,,,,,,,,,,,,,,,,,,,,,,,"Business-track
Iouri Kotorov
103",,,,,,,,,"Russian as a foreign language (Beginners) (8:00 - 9:30)
Svetlana Sokolova
320",,,,,,,
,,,10:35-12:05,,,,,,,,,,,,,,,,,,,,,,,"Business-track
Iouri Kotorov
103",,,,,,,,,,,,,,,,
,,,12:10-13:40,,,,,,,,,,,,,,,,,,,,,,,,,,,,,,,,,,,,,,,
,,,14:10-15:40,,,,,,,,,,,,,,,,,,,,,,,,,,,,,,,,,,,,,,,
,,,15:45-17:15,,,,,,,,,,,,,,,,,,,,,,,,,,,,,,,,,,,,,,,
,,,17:20-18:50,,,,,,,,,,,,,,,,,,,,,,,,,,,"Functional Programming and Scala Language (Lab)
Eugene Zuev
101",,,,,,,,,,,,
,,,18:55-20:25,,,,,,,,,,,,,,,,,,,,,,,,,,,,,,,,,,,,,,,
,,,20:30-22:00,,,,,,,,,,,,,,,,,,,,,,,,,,,,,,,,,,,,,,,
31/03/2020 ,Tuesday,,09:00-10:30,,,,,,,,,,,,,,,,,,,,,,,,,,,,,,,,,,,,,,,
,,,10:35-12:05,,,,,,,,,,,,,,,,,,,,,,,,,,,,,,,,,,,,,,,
,,,12:10-13:40,,,,,,,,,,,,,,,,,,,,,,,,,,,,,,,,,,,,,,,
,,,14:10-15:40,,,,,,,,,,,,,,,,,,,,,,,,,,,,,,,,,,,,,,,
,,,15:45-17:15,,,,,,,,,,,,,,,,,,,,,,,"Business-track
Iouri Kotorov
103",,,,,,,,,,,,,,,,
,,,17:20-18:50,,,,,,,,,,,,,,,,,,,,,,,"Business-track
Iouri Kotorov
103",,"Programming in Haskell
Nikolay Kudasov
313",,,,,,,,,,,,,,
,,,18:55-20:25,,,,,,,,,,,,,,,,,,,,,,,,,"Programming in Haskell
Nikolay Kudasov
313",,,,,,,,,,,,,,
,,,20:30-22:00,,,,,,,,,,,,,,,,,,,,,,,,,,,,,,,,,,,,,,,
01/04/2020 ,Wednesday,,09:00-10:30,,,,,,,,,,,,,,,,,,,,,,,"Business-track
Iouri Kotorov
102",,,,,,,,,"Russian as a foreign language (Advanced) (8:00 - 9:30)
Svetlana Sokolova
320",,,,,,,
,,,10:35-12:05,,,,,,,,,,,,,,,,,,,,,,,"Business-track
Iouri Kotorov
102",,,"Consensus theory and concurrent programming on a shared memory (Lec)
Alexander Tormasov
313",,,,,,,,,,,,,
,,,12:10-13:40,,,,,,,,,,,,,,,,,,,,,,,,,,,,,,,,,,,,,,,
,,,14:10-15:40,,,,,,,,,,,,,,,,,,,,,,,,,,,,,,,,,,,,,,,
,,,15:45-17:15,,,,,,,,,,,,,,,,,,,,,,,,,,,,,,,,,,,,,,,
,,,17:20-18:50,,,,,,,,,,,,,,,,,,,,,,,,,,"Consensus theory and concurrent programming on a shared memory (Lab)
Artem Burmyakov
314",,,,,"Psychology of IT-specialist
Eleonora Ilina
104",,,,,,,,
,,,18:55-20:25,,,,,,,,,,,,,,,,,,,,,,,,,,,,,,,,,,,,,,,
,,,20:30-22:00,,,,,,,,,,,,,,,,,,,,,,,,,,,,,,,,,,,,,,,
02/04/2020 ,Thursday,,09:00-10:30,,,,,,,,,,,,,,,,,,,,,,,,,,,"Functional Programming and Scala Language (Lec)
Eugene Zuev
101",,,,,,,,,,,,
,,,10:35-12:05,,,,,,,,,,,,,,,,,,,,,,,,,,,,,,,,,,,,,,,
,,,12:10-13:40,,,,,,,,,,,,,,,,,,,,,,,,,,,,,,,,,,,,,,,
,,,14:10-15:40,,,,,,,,,,,,,,,,,,,,,,,,,,,,,,,,,,,,,,,
,,,15:45-17:15,,,,,,,,,,,,,,,,,,,,,,,,,,,,,,,,,,,,,,,
,,,17:20-18:50,,,,,,,,,,,,,,,,,,,,,,,,,,,,,,,,"Russian as a foreign language (Beginners)
Svetlana Sokolova
320",,,,,,,
,,,18:55-20:25,,,,,,,,,,,,,,,,,,,,,,,,,,,,,,,,,,,,,,,
,,,20:30-22:00,,,,,,,,,,,,,,,,,,,,,,,,,,,,,,,,,,,,,,,
03/04/2020 ,Friday,,09:00-10:30,,,,,"Design Patterns
Jean-Michel Bruel
314",,,,,,,,,,,,,,,,,,"Business-track
Iouri Kotorov
102",,,,,"Practical Artificial Intelligence
Stanislav Protasov
101",,,,,,,,,,,
,,,10:35-12:05,,,,,"Design Patterns
Jean-Michel Bruel
314",,,,,,,,,,,,,,,,,,"Business-track
Iouri Kotorov
102",,,,,"Practical Artificial Intelligence
Stanislav Protasov
101",,,,,,,,,,,
,,,12:10-13:40,,,,,"Design Patterns
Jean-Michel Bruel
314",,,,,,,,,,,,,,,,,,,,,,,,,,,,,,,,,,
,,,14:10-15:40,,,,,,,,,,,,,,,,,,,,,,,,,,,,,,"Mobile development with QT
Sveta Burikova
104",,,,,,,,,
,,,15:45-17:15,,,,,,,,,,,,,,,,,,,,,,,,,,,,,,"Mobile development with QT
Sveta Burikova
104",,,,,,,,,
,,,17:20-18:50,,,,,,,,,,,,,,,,,,,,,,,,,,,,,,"Mobile development with QT
Sveta Burikova
000",,"Russian as a foreign language (Advanced)
Svetlana Sokolova
320",,,,,,,
,,,18:55-20:25,,,,,,,,,,,,,,,,,,,,,,,,,,,,,,,,,,,,,,,
,,,20:30-22:00,,,,,,,,,,,,,,,,,,,,,,,,,,,,,,,,,,,,,,,
04/04/2020 ,Saturday,,09:00-10:30,,,,,,,,,,,,,,,,,,,,,,,,,,,,,,,,,,,,,,,
,,,10:35-12:05,,,,,,,,,,,,,,,,,,,,,,,,,,,,,,,,,,,,,,,
,,,12:10-13:40,,,,,,,,,,,,,,,,,,,,,,,,,,,,,,,,,,,,,,,
,,,14:10-15:40,,,,"Modern Application Production
Jean-Michel Bruel
103",,,,,,,,,,,,,,,,,,,,,,,,,,,,,,,,,,,
,,,15:45-17:15,,,,"Modern Application Production
Jean-Michel Bruel
103",,,,,,,,,,,,,,,,,,,,,,,,,,,,,,,,,,,
,,,17:20-18:50,,,,"Modern Application Production
Jean-Michel Bruel
103",,,,,,,,,,,,,,,,,,,,,,,,,,,,,,,,,,,
,,,18:55-20:25,,,,,,,,,,,,,,,,,,,,,,,,,,,,,,,,,,,,,,,
,,,20:30-22:00,,,,,,,,,,,,,,,,,,,,,,,,,,,,,,,,,,,,,,,
06/04/2020 ,Monday,,09:00-10:30,"Natural Language Processing and Machine Learning
Leon Derczynski
312",,,,,,,,,,,,,,,,,,,,,,"Business-track
Ari Stenroos
103",,,,,,,,,"Russian as a foreign language (Beginners) (8:00 - 9:30)
Svetlana Sokolova
320",,,,,,,
,,,10:35-12:05,"Natural Language Processing and Machine Learning
Leon Derczynski
312",,,,,,,,,,,,,,,,,,,,,,"Business-track
Ari Stenroos
103",,,,,,,,,,,,,,,,
,,,12:10-13:40,"Natural Language Processing and Machine Learning
Leon Derczynski
312",,,,,,,,,,,,,,,,,,,,,,,,,,,,,,,,,,,,,,
,,,14:10-15:40,,,,,,,,,,,,,,,,,,,,,,,,,,,,,,,,,,,,,,,
,,,15:45-17:15,,,,,,,,,,,,,,,,,,,,,,,,,,,,,,,,,,,,,,,
,,,17:20-18:50,,,,,,,,,,,,,,,,,,,,,,,,,,,"Functional Programming and Scala Language (Lab)
Eugene Zuev
101",,,,,,,,,,,,
,,,18:55-20:25,,,,,,,,"Total Virtualization
Anna Melekhova
000",,,,,,,,,,,,,,,,,,,,,,,,,,,,,,,
,,,20:30-22:00,,,,,,,,,,,,,,,,,,,,,,,,,,,,,,,,,,,,,,,
07/04/2020 ,Tuesday,,09:00-10:30,,,,,,,,,,,,,,,,,,,,,,,,,,,,,,,,,,,,,,,
,,,10:35-12:05,,,,,,,,,,,,,,,,,,,,,,,,,,,,,,,,,,,,,,,
,,,12:10-13:40,,,,,,,,,,,,,,,,,,,,,,,,,,,,,,,,,,,,,,,
,,,14:10-15:40,,,,,,,,,,,,,,,,,,,,,,,,,,,,,,,,,,,,,,,
,,,15:45-17:15,,,,,,,,,,,,,,,,,,,,,,,"Business-track
Ari Stenroos
103",,,,,,,,,,,,,,,,
,,,17:20-18:50,"Natural Language Processing and Machine Learning
Leon Derczynski
303",,,,,,,,,,,,,,,,,,,,,,"Business-track
Ari Stenroos
103",,"Programming in Haskell
Nikolay Kudasov
313",,,,"Introduction to Career Development for IT-Specialist
Aliya Samatova
000",,,,,,,,,,
,,,18:55-20:25,,,,,,,,"Total Virtualization
Anna Melekhova
000",,,,,,,,,,,,,,,,,"Programming in Haskell
Nikolay Kudasov
313",,,,"Introduction to Career Development for IT-Specialist
Aliya Samatova
000",,,,,,,,,,
,,,20:30-22:00,,,,,,,,,,,,,,,,,,,,,,,,,,,,,,,,,,,,,,,
08/04/2020 ,Wednesday,,09:00-10:30,"Natural Language Processing and Machine Learning
Leon Derczynski
312",,,,,,,,,,,,,,,,,,,,,,"Business-track
Ari Stenroos
102",,,,,,,,,"Russian as a foreign language (Advanced) (8:00 - 9:30)
Svetlana Sokolova
320",,,,,,,
,,,10:35-12:05,"Natural Language Processing and Machine Learning
Leon Derczynski
312",,,,,,,,,,,,,,,,,,,,,,"Business-track
Ari Stenroos
102",,,"Consensus theory and concurrent programming on a shared memory (Lec)
Alexander Tormasov
313",,,,,,,,,,,,,
,,,12:10-13:40,,,,,,,,,,,,,,,,,,,,,,,,,,,,,,,,,,,,,,,
,,,14:10-15:40,,,,,,,,,,,,,,,,,,,,,,,,,,,,,,,,,,,,,,,
,,,15:45-17:15,,,,,,,,,,,,,,,,,,,,,,,,,,,,,,,,,,,,,,,
,,,17:20-18:50,,,,,,,,,,,,,,,,,,,,,,,,,,"Consensus theory and concurrent programming on a shared memory (Lab)
Artem Burmyakov
314",,,,,"Psychology of IT-specialist
Eleonora Ilina
104",,,,,,,,
,,,18:55-20:25,,,,,,,,"Total Virtualization
Anna Melekhova
000",,,,,,,,,,,,,,,,,,,,,,,,,,,,,,,
,,,20:30-22:00,,,,,,,,,,,,,,,,,,,,,,,,,,,,,,,,,,,,,,,
09/04/2020 ,Thursday,,09:00-10:30,"Natural Language Processing and Machine Learning
Leon Derczynski
317",,,,,,,,,,,,,,,,,,,,,,"Business-track
Ari Stenroos
102",,,,"Functional Programming and Scala Language (Lec)
Eugene Zuev
101",,,,,,,,,,,,
,,,10:35-12:05,"Natural Language Processing and Machine Learning
Leon Derczynski
317",,,,,,,,,,,,,,,,,,,,,,"Business-track
Ari Stenroos
102",,,,,,,,,,,,,,,,
,,,12:10-13:40,,,,,,,,,,,,,,,,,,,,,,,,,,,,,,,,,,,,,,,
,,,14:10-15:40,,,,,,,,,,,,,,,,,,,,,,,,,,,,,,,,,,,,,,,
,,,15:45-17:15,"Natural Language Processing and Machine Learning
Leon Derczynski
316",,,,,,,,,,,,,,,,,,,,,,,,,,,,,,,,,,,,,,
,,,17:20-18:50,,,,,,,,,,,,,,,,,,,,,,,,,,,,,,,,"Russian as a foreign language (Beginners)
Svetlana Sokolova
320",,,,,,,
,,,18:55-20:25,,,,,,,,,,,,,,,,,,,,,,,,,,,,,,,,,,,,,,,
,,,20:30-22:00,,,,,,,,,,,,,,,,,,,,,,,,,,,,,,,,,,,,,,,
10/04/2020 ,Friday,,09:00-10:30,,,,,"Design Patterns
Jean-Michel Bruel
104",,,,,,"Human Computer Interaction Design for AI
Sebastian Denef
314",,,"Advanced topics in Software Testing
Mohamad Kassab
103",,,,,,"Volunteer and Crowd-based Approaches in Computing
Salvatore Distefano
000",,,"Business-track
Ari Stenroos /Iouri Kotorov /Yuliya Krasylnykova
102",,,,,"Practical Artificial Intelligence
Stanislav Protasov
101",,,,,,,,,,,
,,,10:35-12:05,"Natural Language Processing and Machine Learning
Leon Derczynski
312",,,,"Design Patterns
Jean-Michel Bruel
104",,,,,,"Human Computer Interaction Design for AI
Sebastian Denef
314",,,"Advanced topics in Software Testing
Mohamad Kassab
103",,,,"Programming Windows Services with C++
Alexey Kostyushko
317",,"Volunteer and Crowd-based Approaches in Computing
Salvatore Distefano
000",,,"Business-track
Ari Stenroos /Iouri Kotorov /Yuliya Krasylnykova
102",,,,,"Practical Artificial Intelligence
Stanislav Protasov
101",,,,,,,,,,,
,,,12:10-13:40,"Natural Language Processing and Machine Learning
Leon Derczynski
312",,,,"Design Patterns
Jean-Michel Bruel
104",,,,,,"Human Computer Interaction Design for AI
Sebastian Denef
314",,"Introduction to  Public Speaking for IT-specialist
Benjamin Araud
103",,,,,"Programming Windows Services with C++
Alexey Kostyushko
317",,"Volunteer and Crowd-based Approaches in Computing
Salvatore Distefano
000",,,"Business-track
Ari Stenroos /Iouri Kotorov /Yuliya Krasylnykova
102",,,,,,,,,,,,,,,,
,,,14:10-15:40,,,,"Modern Application Production
Jean-Michel Bruel
312",,,,,"Product's highly loaded architecture
Konstantin Arkhipov
102",,"Human Computer Interaction Design for AI
Sebastian Denef
314",,"Introduction to Public Speaking for IT-specialist
Benjamin Araud
103",,,,,,"Advanced Academic Research- Writing and Performance
Alexey Kosyushko
317",,,,,,,,,,,"Mobile development with QT
Sveta Burikova
104",,,,,,,,,
,,,15:45-17:15,,,,"Modern Application Production
Jean-Michel Bruel
312",,,,,"Product's highly loaded architecture
Konstantin Arkhipov
102",,,"Technical Writing and Communication
Benjamin Araud
103",,,,,,,"Advanced Academic Research- Writing and Performance
Alexey Kosyushko
317",,,,,,,,,,,"Mobile development with QT
Sveta Burikova
104",,,,,,,,,
,,,17:20-18:50,,,,"Modern Application Production
Jean-Michel Bruel
312",,,,,,,,"Technical Writing and Communication
Benjamin Araud
103",,,,,,,,,,,,,,,,,,"Mobile development with QT
Sveta Burikova
000",,"Russian as a foreign language (Advanced)
Svetlana Sokolova
320",,,,,,,
,,,18:55-20:25,,,,,,,,,,,,,,,,,,,,,,,,,,,,,,,,,,,,,,,
,,,20:30-22:00,,,,,,,,,,,,,,,,,,,,,,,,,,,,,,,,,,,,,,,
11/04/2020 , Saturday,,09:00-10:30,,,,,"Design Patterns
Jean-Michel Bruel
104",,"Enterprise programming on Javascript - Advanced
Andrey Vlasov
303",,,,"Human Computer Interaction Design for AI
Sebastian Denef
101",,,"Advanced topics in Software Testing
Mohamad Kassab
301","Critical Thinking for IT-specialist
Sergey Kladko
000",,,"Programming Windows Services with C++
Alexey Kostyushko
306",,,,,,,,,,,,,,,,,,,,,
,,,10:35-12:05,,,,,"Design Patterns
Jean-Michel Bruel
104",,"Enterprise programming on Javascript - Advanced
Andrey Vlasov
303",,,,"Human Computer Interaction Design for AI
Sebastian Denef
101",,,"Advanced topics in Software Testing
Mohamad Kassab
301","Critical Thinking for IT-specialist
Sergey Kladko
103",,,"Programming Windows Services with C++
Alexey Kostyushko
306",,,,"Tech Startup Design
Tatiana Bobrus
000",,,,,,,,,,,,,,,,,
,,,12:10-13:40,,,,,"Design Patterns
Jean-Michel Bruel
104",,"Enterprise programming on Javascript - Advanced
Andrey Vlasov
000",,,,"Human Computer Interaction Design for AI
Sebastian Denef
101",,,"Advanced topics in Software Testing
Mohamad Kassab
301",,"Reading Skills for IT-specialist
Sergey Kladko
000",,"Programming Windows Services with C++
Alexey Kostyushko
306",,,,"Tech Startup Design
Tatiana Bobrus
000",,,,,,,,,,,,,,,,,
,,,14:10-15:40,,,,"Modern Application Production
Jean-Michel Bruel
312",,,,,,,"Human Computer Interaction Design for AI
Sebastian Denef
101",,"Introduction to Public Speaking for IT-specialist
Benjamin Araud
103","Advanced topics in Software Testing
Mohamad Kassab
301",,"Reading Skills for IT-specialist
Sergey Kladko
104",,,"Advanced Academic Research- Writing and Performance
Alexey Kosyushko
306",,,,,,,,,,,,,,,,,,,,
,,,15:45-17:15,,,,"Modern Application Production
Jean-Michel Bruel
312",,,,,,,,"Technical Writing and Communication
Benjamin Araud
103",,,,"Reading Skills for IT-specialist
Sergey Kladko
000",,,"Advanced Academic Research- Writing and Performance
Alexey Kosyushko
000",,,,,,,,,,,,,,,,,,,,
,,,17:20-18:50,,,,"Modern Application Production
Jean-Michel Bruel
312",,,,,,,,,,,,,,,,,,,,,,,,,,,,,,,,,,,
,,,18:55-20:25,,,,,,,,,,,,,,,,,,,,,,,,,,,,,,,,,,,,,,,
,,,20:30-22:00,,,,,,,,,,,,,,,,,,,,,,,,,,,,,,,,,,,,,,,
13/04/2020 ,Monday,,09:00-10:30,,,,,,,,,,,,,,,,,,,,,,,"Business-track
Iouri Kotorov
102","Personal Efficiency Skills
Evgeniy Serochudinov
000",,,,,,,,"Russian as a foreign language (Beginners) (8:00 - 9:30)
Svetlana Sokolova
320",,,,,,,
,,,10:35-12:05,,,,,,,,,,,,,,,,,,,,,,,"Business-track
Iouri Kotorov
102","Personal Efficiency Skills
Evgeniy Serochudinov
000",,,,,,,,,,,,,,,
,,,12:10-13:40,,,,,,,,,,,,,,,,,,,,,,,,,,,,,,,,,,,,,,,
,,,14:10-15:40,,,,,,,,,,,,,,,,,,,,,,,,,,,,,,,,,,,,,,,
,,,15:45-17:15,,,,,,,,,,,,,,,,,,,,,,,,,,,,,,,,,,,,,,,
,,,17:20-18:50,,,,,,,,,,,,,,,,,,,,,,,,,,,"Functional Programming and Scala Language (Lab)
Eugene Zuev
101",,,,,,,,,,,,
,,,18:55-20:25,,,,,,,,,,,,,,,,,,,,,,,,,,,,,,,,,,,,,,,
,,,20:30-22:00,,,,,,,,,,,,,,,,,,,,,,,,,,,,,,,,,,,,,,,
14/04/2020 ,Tuesday,,09:00-10:30,,,,,,,,,,,,,,,,,,,,,,,,,,,,,,,,,,,,,,,
,,,10:35-12:05,,,,,,,,,,,,,,,,,,,,,,,,,,,,,,,,,,,,,,,
,,,12:10-13:40,,,,,,,,,,,,,,,,,,,,,,,,,,,,,,,,,,,,,,,
,,,14:10-15:40,,,,,,,,,,,,,,,,,,,,,,,,,,,,,,,,,,,,,,,
,,,15:45-17:15,,,,,,,,,,,,,,,,,,,,,,,,,,,,,,,,,,,,,,,
,,,17:20-18:50,,,,,,,,,,,,,,,,,,,,,,,,,"Programming in Haskell
Nikolay Kudasov
313",,,,"Introduction to Career Development for IT-specialist
Aliya Samatova
104",,,,,,,,,,
,,,18:55-20:25,,,,,,,,,,,,,,,,,,,,,,,,,"Programming in Haskell
Nikolay Kudasov
313",,,,"Introduction to Career Development for IT-specialist
Aliya Samatova
104",,,,,,,,,,
,,,20:30-22:00,,,,,,,,,,,,,,,,,,,,,,,,,,,,,,,,,,,,,,,
15/04/2020 ,Wednesday,,09:00-10:30,,,,,,,,,,,,,,,,,,,,,,,,"Personal Efficiency Skills of IT-specialist
Evgeny Serochudinov
314 ",,,,,,,,"Russian as a foreign language (Advanced) (8:00 - 9:30)
Svetlana Sokolova
320",,,,,,,
,,,10:35-12:05,,,,,,,,,,,,,,,,,,,,,,,,"Personal Efficiency Skills of IT-specialist
Evgeny Serochudinov
000",,"Consensus theory and concurrent programming on a shared memory (Lab)
Artem Burmyakov
313",,,,,,,,,,,,,
,,,12:10-13:40,,,,,,,,,,,,,,,,,,,,,,,,,,,,,,,,,,,,,,,
,,,14:10-15:40,,,,,,,,,,,,,,,,,,,,,,,,,,,,,,,,,,,,,,,
,,,15:45-17:15,,,,,,,,,,,,,,,,,,,,,,,,,,,,,,,,,,,,,,,
,,,17:20-18:50,,,,,,,,,,,,,,,,,,,,,,,,,,"Consensus theory and concurrent programming on a shared memory (Lab)
Artem Burmyakov
314",,,,,"Psychology of IT-specialist
Eleonora Ilina
104",,,,,,,,
,,,18:55-20:25,,,,,,,,,,,,,,,,,,,,,,,,,,,,,,,,,,,,,,,
,,,20:30-22:00,,,,,,,,,,,,,,,,,,,,,,,,,,,,,,,,,,,,,,,
16/04/2020 ,Thursday,,09:00-10:30,,,,,,,,,,,,,,,,,,,,,,,"Business-track
Iouri Kotorov
102",,,,"Functional Programming and Scala Language (Lec)
Eugene Zuev
101",,,,,,,,,,,,
,,,10:35-12:05,,,,,,,,,,,,,,,,,,,,,,,"Business-track
Iouri Kotorov
102",,,,,,,,,,,,,,,,
,,,12:10-13:40,,,,,,,,,,,,,,,,,,,,,,,,,,,,,,,,,,,,,,,
,,,14:10-15:40,,,,,,,,,,,,,,,,,,,,,,,,,,,,,,,,,,,,,,,
,,,15:45-17:15,,,,,,,,,,"DevOps
Alfredo Capozucca
103",,,,,,,,,,,,,,,,,,,,,,,,,,,,,
,,,17:20-18:50,,,,,,,,,,"DevOps
Alfredo Capozucca
103",,,,,,,,,,,,,,,,,,,,,,"Russian as a foreign language (Beginners)
Svetlana Sokolova
320",,,,,,,
,,,18:55-20:25,,,,,,,,,,"DevOps
Alfredo Capozucca
103",,,,,,,,,,,,,,,,,,,,,,,,,,,,,
,,,20:30-22:00,,,,,,,,,,,,,,,,,,,,,,,,,,,,,,,,,,,,,,,
17/04/2020 ,Friday,,09:00-10:30,,"Computer Graphics in Game Development
Ivan Belyavtsev
312","Advanced agile software design
Paolo Ciancarini
000",,,,,,,"DevOps
Alfredo Capozucca
103",,,,,,,,,,"Volunteer and Crowd-based Approaches in Computing
Salvatore Distefano
000",,,"Business-track
Iouri Kotorov /Yuliya Krasylnykova
102",,,,,"Practical Artificial Intelligence
Stanislav Protasov
101",,,,,,,,,,,
,,,10:35-12:05,,"Computer Graphics in Game Development
Ivan Belyavtsev
312","Advanced agile software design
Paolo Ciancarini
000",,,,,,,"DevOps
Alfredo Capozucca
000",,,,,,,,"Programming Windows Services with C++
Alexey Kostyushko
000",,"Volunteer and Crowd-based Approaches in Computing
Salvatore Distefano
000",,,"Business-track
Iouri Kotorov/ Yuliya Krasylnykova
102",,,,,"Practical Artificial Intelligence
Stanislav Protasov
101",,,,,,,,,,,
,,,12:10-13:40,,"Computer Graphics in Game Development
Ivan Belyavtsev
312","Advanced agile software design
Paolo Ciancarini
000",,,,,"Total Virtualization
Anna Melekhova
103",,"DevOps
Alfredo Capozucca
000",,"Technical Writing and Communication
Benjamin Araud
000",,,,,,"Programming Windows Services with C++
Alexey Kostyushko
000",,"Volunteer and Crowd-based Approaches in Computing
Salvatore Distefano
000"   ,,,"Business-track
Iouri Kotorov /Yuliya Krasylnykova
102",,,,,,,,,,,,,,,,
,,,14:10-15:40,,"Computer Graphics in Game Development
Ivan Belyavtsev
312",,,,,,"Total Virtualization
Anna Melekhova
103","Product's highly loaded architecture
Konstantin Arkhipov
102","DevOps
Alfredo Capozucca
000",,"Technical Writing and Communication
Benjamin Araud
000",,,,,,,"Advanced Academic Research- Writing and Performance
Alexey Kosyushko
000",,,,,,,,,,,"Mobile development with QT
Kirill Chuvilin
104",,,,,,,,,
,,,15:45-17:15,,,,,,,,"Total Virtualization
Anna Melekhova
103","Product's highly loaded architecture
Konstantin Arkhipov
102",,,,"Introduction to Public Speaking for IT-Specialist
Benjamin Araud
000",,,,,,"Advanced Academic Research- Writing and Performance
Alexey Kosyushko
000",,,,,,,,,,,"Mobile development with QT
Kirill Chuvilin
104",,,,,,,,,
,,,17:20-18:50,,,,,,,,"Total Virtualization
Anna Melekhova
103",,,,,"Introduction to Public Speaking for IT-Specialist
Benjamin Araud
000",,,,,,,,,,,,,,,,,"Mobile development with QT
Kirill Chuvilin
000",,"Russian as a foreign language (Advanced)
Svetlana Sokolova
320",,,,,,,
,,,18:55-20:25,,,,,,,,,,,,,,,,,,,,,,,,,,,,,,,,,,,,,,,
,,,20:30-22:00,,,,,,,,,,,,,,,,,,,,,,,,,,,,,,,,,,,,,,,
18/04/2020 ,Saturday,,09:00-10:30,,"Computer Graphics in Game Development
Ivan Belyavtsev
312","Advanced agile software design
Paolo Ciancarini
000",,,,"Enterprise programming on Javascript - Advanced
Andrey Vlasov
303","Total Virtualization
Anna Melekhova
103",,"DevOps
Alfredo Capozucca
000",,,,,"Critical Thinking  for IT-specialist
Sergey Kladko
000",,,,,,,,,,,,,,,,,,,,,,,,
,,,10:35-12:05,,"Computer Graphics in Game Development
Ivan Belyavtsev
312","Advanced agile software design
Paolo Ciancarini
000",,,,"Enterprise programming on Javascript - Advanced
Andrey Vlasov
303","Total Virtualization
Anna Melekhova
103",,"DevOps
Alfredo Capozucca
000",,,,,"Critical Thinking  for IT-specialist
Sergey Kladko
102",,,"Programming Windows Services with C++
Alexey Kostyushko
000",,,,,,,,,,,,,,,,,,,,,
,,,12:10-13:40,,"Computer Graphics in Game Development
Ivan Belyavtsev
312","Advanced agile software design
Paolo Ciancarini
000",,,,"Enterprise programming on Javascript - Advanced
Andrey Vlasov
000","Total Virtualization
Anna Melekhova
103",,"DevOps
Alfredo Capozucca
000",,"Technical Writing and Communication
Benjamin Araud
000",,,"Critical Thinking  for IT-specialist
Sergey Kladko
102",,,"Programming Windows Services with C++
Alexey Kostyushko
000",,,,,,,,,,,,,,,,,,,,,
,,,14:10-15:40,,,,,,,,"Total Virtualization
Anna Melekhova
103",,,,"Technical Writing and Communication
Benjamin Araud
000",,,,"Reading Skills for IT-specialist
Sergey Kladko
102",,,"Advanced Academic Research- Writing and Performance
Alexey Kosyushko
000",,,,,,,,,,,,,,,,,,,,
,,,15:45-17:15,,,,,,,,,,,,,"Introduction to Public Speaking for IT-Specialist
Benjamin Araud
000",,,"Reading Skills for IT-specialist
Sergey Kladko
102",,,,,,,,,,,,,,,,,,,,,,,
,,,17:20-18:50,,,,,,,,,,,,,"Introduction to Public Speaking for IT-Specialist
Benjamin Araud
000",,,,,,,,,,,,,,,,,,,,,,,,,,
,,,18:55-20:25,,,,,,,,,,,,,,,,,,,,,,,,,,,,,,,,,,,,,,,
,,,20:30-22:00,,,,,,,,,,,,,,,,,,,,,,,,,,,,,,,,,,,,,,,
20/04/2020 ,Monday,,09:00-10:30,,,,,,,,,,,,,,,,,,,,,,,,,,,,,,,,"Russian as a foreign language (Beginners) (8:00 - 9:30)
Svetlana Sokolova
320",,,,,,,
,,,10:35-12:05,,,,,,,,,,,,,,,,,,,,,,,,,,,,,,,,,,,,,,,
,,,12:10-13:40,,,,,,,,,,,,,,,,,,,,,,,,,,,,,,,,,,,,,,,
,,,14:10-15:40,,,,,,,,,,,,,,,,,,,,,,,,,,,,,,,,,,,,,,,
,,,15:45-17:15,,,,,,,,,,,,,,,,,,,,,,,,,,,,,,,,,,,,,,,
,,,17:20-18:50,,,,,,,,,,,,,,,,,,,,,,,,,,,"Functional Programming and Scala Language (Lab)
Eugene Zuev
101",,,,,,,,,,,,
,,,18:55-20:25,,,,,,,,,,,,,,,,,,,,,,,,,,,,,,,,,,,,,,,
,,,20:30-22:00,,,,,,,,,,,,,,,,,,,,,,,,,,,,,,,,,,,,,,,
21/04/2020 ,Tuesday,,09:00-10:30,,,,,,,,,,,,,,,,,,,,,,,,,,,,,,,,,,,,,,,
,,,10:35-12:05,,,,,,,,,,,,,,,,,,,,,,,,,,,,,,,,,,,,,,,
,,,12:10-13:40,,,,,,,,,,,,,,,,,,,,,,,,,,,,,,,,,,,,,,,
,,,14:10-15:40,,,,,,,,,,,,,,,,,,,,,,,,,,,,,,,,,,,,,,,
,,,15:45-17:15,,,,,,,,,,,,,,,,,,,,,,,,,,,,,,,,,,,,,,,
,,,17:20-18:50,,,,,,,,,,,,,,,,,,,,,,,,,"Programming in Haskell
Nikolay Kudasov
313",,,,"Introduction to Career Development for IT-specialist
Aliya Samatova
000",,,,,,,,,,
,,,18:55-20:25,,,,,,,,,,,,,,,,,,,,,,,,,"Programming in Haskell
Nikolay Kudasov
313",,,,"Introduction to Career Development for IT-specialist
Aliya Samatova
000",,,,,,,,,,
,,,20:30-22:00,,,,,,,,,,,,,,,,,,,,,,,,,,,,,,,,,,,,,,,
22/04/2020 ,Wednesday,,09:00-10:30,,,,,,,,,,,,,,,,,,,,,,,,"Personal Efficiency Skills
Evgeniy Serochudinov
000",,,,,,,,"Russian as a foreign language (Advanced) (8:00 - 9:30)
Svetlana Sokolova
320",,,,,,,
,,,10:35-12:05,,,,,,,,,,,,,,,,,,,,,"Design Fiction
Olga Ignatieva
000",,,"Personal Efficiency Skills
Evgeniy Serochudinov
000",,,,,,,,,,,,,,,
,,,12:10-13:40,,,,,,,,,,,,,,,,,,,,,,,,,,,,,,,,,,,,,,,
,,,14:10-15:40,,,,,,,,,,,,,,,,,,,,,,,,,,,,,,,,,,,,,,,
,,,15:45-17:15,,,,,,,,,,,,,,,,,,,,,,,,,,,,,,,,,,,,,,,
,,,17:20-18:50,,,,,,,,,,,,,,,,,,,,,,,,,,,,,,,"Psychology of IT-specialist
Eleonora Ilina
104",,,,,,,,
,,,18:55-20:25,,,,,,,,,,,,,,,,,,,,,,,,,,,,,,,,,,,,,,,
,,,20:30-22:00,,,,,,,,,,,,,,,,,,,,,,,,,,,,,,,,,,,,,,,
23/04/2020 ,Thursday,,09:00-10:30,,,,,,,,,,,,,,,,,,,,,,,,,,,"Functional Programming and Scala Language (Lec)
Eugene Zuev
101",,,,,,,,,,,,
,,,10:35-12:05,,,,,,,,,,,,,,,,,,,,,,,,,,"Consensus theory and concurrent programming on a shared memory (Lec)
Alexander Tormasov
314",,,,,,,,,,,,,
,,,12:10-13:40,,,,,,,,,,,,,,,,,,,,,,,,,,,,,,,,,,,,,,,
,,,14:10-15:40,,,,,,,,,,,,,,,,,,,,,,,,,,,,,,,,,,,,,,,
,,,15:45-17:15,,,,,,,,,,,,,,,,,,,,,,,,,,,,,,,,,,,,,,,
,,,17:20-18:50,,,,,,,,,,,,,,,,,,,,,,,,,,"Consensus theory and concurrent programming on a shared memory (Lab)
Artem Burmyakov
314",,,,,,"Russian as a foreign language (Beginners)
Svetlana Sokolova
320",,,,,,,
,,,18:55-20:25,,,,,,,,,,,,,,,,,,,,,,,,,,,,,,,,,,,,,,,
,,,20:30-22:00,,,,,,,,,,,,,,,,,,,,,,,,,,,,,,,,,"Software Requirements and Specifications (Lec)
Alberto Sillitti
306",,,,,,
24/04/2020 ,Friday,,09:00-10:30,,,,,"Design Patterns
Jean-Michel Bruel
104",,,,,,,,,,,,,"Programming Windows Services with C++
Alexey Kostyushko
314",,,,,,,,,,"Practical Artificial Intelligence
Stanislav Protasov
101",,,,,"Software Requirements and Specifications
Alberto Sillitti
306",,,,,,
,,,10:35-12:05,,,,,"Design Patterns
Jean-Michel Bruel
104",,,,,,,,,,,,,"Programming Windows Services with C++
Alexey Kostyushko
314",,,,,,,,,,"Practical Artificial Intelligence
Stanislav Protasov
101",,,,,"Software Requirements and Specifications (Lec)
Alberto Sillitti
306",,,,,,
,,,12:10-13:40,,,,,"Design Patterns
Jean-Michel Bruel
104",,,,,,,,,,,,,"Programming Windows Services with C++
Alexey Kostyushko
314",,,,,,,,,,,,,,,"Software Requirements and Specifications (Lab)
Alberto Sillitti
306",,,,,,
,,,14:10-15:40,,,,"Modern Application Production
Jean-Michel Bruel
312",,,,,"Product's highly loaded architecture
Konstantin Arkhipov
102",,,,,,,,,"Programming Windows Services with C++
Alexey Kostyushko
314",,,,,,,,,,,,,,,"Software Requirements and Specifications (Lab)
Alberto Sillitti
306",,,,,,
,,,15:45-17:15,,,,"Modern Application Production
Jean-Michel Bruel
312",,,,,"Product's highly loaded architecture
Konstantin Arkhipov
102",,,,,,,,,,,,,,,,,,,,,,,,"Software Requirements and Specifications (Lab)
Alberto Sillitti
306",,,,,,
,,,17:20-18:50,,,,"Modern Application Production
Jean-Michel Bruel
312",,,,,,,,,,,,,,,,,,,,,,,,,,,,"Russian as a foreign language (Advanced)
Svetlana Sokolova
320",,,,,,,
,,,18:55-20:25,,,,,,,,,,,,,,,,,,,,,,,,,,,,,,,,,,,,,,,
,,,20:30-22:00,,,,,,,,,,,,,,,,,,,,,,,,,,,,,,,,,,,,,,,
25/04/2020 ,Saturday,,09:00-10:30,,,,,"Design Patterns
Jean-Michel Bruel
104",,"Enterprise programming on Javascript - Advanced
Andrey Vlasov
303",,,,,,,,"Critical Thinking  for IT-specialist
Sergey Kladko
000",,,"Programming Windows Services with C++
Alexey Kostyushko
312",,,,,,,,,,,,,,,,,,,,,
,,,10:35-12:05,,,,,"Design Patterns
Jean-Michel Bruel
104",,"Enterprise programming on Javascript - Advanced
Andrey Vlasov
303",,,,,,,,"Critical Thinking  for IT-specialist
Sergey Kladko
102",,,"Programming Windows Services with C++
Alexey Kostyushko
312",,,,,,,,,,,,,,,"Software Requirements and Specifications (Lab)
Alberto Sillitti
103",,,,,,
,,,12:10-13:40,,,,,"Design Patterns
Jean-Michel Bruel
104",,"Enterprise programming on Javascript - Advanced
Andrey Vlasov
303",,,,,,,,,"Reading Skills for IT-specialist
Sergey Kladko
102",,"Programming Windows Services with C++
Alexey Kostyushko
312",,,,,,,,,,,,,,,"Software Requirements and Specifications (Lab)
Alberto Sillitti
103",,,,,,
,,,14:10-15:40,,,,"Modern Application Production
Jean-Michel Bruel
312",,,,,"Product's highly loaded architecture
Konstantin Arkhipov
102",,,,,,,"Reading Skills for IT-specialist
Sergey Kladko
000",,,"Advanced Academic Research- Writing and Performance
Alexey Kostyushko
303",,,,,,,,,,,,,,"Software Requirements and Specifications (Lab)
Alberto Sillitti
103",,,,,,
,,,15:45-17:15,,,,"Modern Application Production
Jean-Michel Bruel
312",,,,,"Product's highly loaded architecture
Konstantin Arkhipov
102",,,,,,,,,,,,,,,,,,,,,,,,"Software Requirements and Specifications (Lab)
Alberto Sillitti
103",,,,,,
,,,17:20-18:50,,,,"Modern Application Production
Jean-Michel Bruel
312",,,,,,,,,,,,,,,,,,,,,,,,,,,,,,,,,,,
,,,18:55-20:25,,,,,,,,,,,,,,,,,,,,,,,,,,,,,,,,,,,,,,,
,,,20:30-22:00,,,,,,,,,,,,,,,,,,,,,,,,,,,,,,,,,,,,,,,
27/04/2020 ,Monday,,09:00-10:30,,,,,,,,,,,,,,,,,,,,,,,,,,,,,,,,"Russian as a foreign language (Beginners) (8:00 - 9:30)
Svetlana Sokolova
320",,,,,,,
,,,10:35-12:05,,,,,,,,,,,,,,,,,,,,,,,,,,,,,,,,,,,,,,,
,,,12:10-13:40,,,,,,,,,,,,,,,,,,,,,,,,,,,,,,,,,,,,,,,
,,,14:10-15:40,,,,,,,,,,,,,,,,,,,,,,,,,,,,,,,,,,,,,,,
,,,15:45-17:15,,,,,,,,,,,,,,,,,,,,,,,,,,,,,,,,,,,,,,,
,,,17:20-18:50,,,,,,,,,,,,,,,,,,,,,,,,,,,"Functional Programming and Scala Language (Lab)
Eugene Zuev
101",,,,,,,,,,,,
,,,18:55-20:25,,,,,,,,,,,,,,,,,,,,,,,,,,,,,,,,,,,,,,,
,,,20:30-22:00,,,,,,,,,,,,,,,,,,,,,,,,,,,,,,,,,,,,,,,
28/04/2020 ,Tuesday,,09:00-10:30,,,,,,,,,,,,,,,,,,,,,,,,,,,,,,,,,,,,,,,
,,,10:35-12:05,,,,,,,,,,,,,,,,,,,,,,,,,,,,,,,,,,,,,,,
,,,12:10-13:40,,,,,,,,,,,,,,,,,,,,,,,,,,,,,,,,,,,,,,,
,,,14:10-15:40,,,,,,,,,,,,,,,,,,,,,,,,,,,,,,,,,,,,,,,
,,,15:45-17:15,,,,,,,,,,,,,,,,,,,,,,,,,,,,,,,,,,,,,,,
,,,17:20-18:50,,,,,,,,,,,,,,,,,,,,,,,,,"Programming in Haskell
Nikolay Kudasov
313",,,,"Introduction to Career Development for IT-specialist
Aliya Samatova
104",,,,,,,,,,
,,,18:55-20:25,,,,,,,,,,,,,,,,,,,,,,,,,"Programming in Haskell
Nikolay Kudasov
313",,,,"Introduction to Career Development for IT-specialist
Aliya Samatova
104",,,,,,,,,,
,,,20:30-22:00,,,,,,,,,,,,,,,,,,,,,,,,,,,,,,,,,,,,,,,
29/04/2020 ,Wednesday,,09:00-10:30,,,,,,,,,,,,,,,,,,,,,,,,,,,,,,,,"Russian as a foreign language (Advanced) (8:00 - 9:30)
Svetlana Sokolova
320",,,,,,,
,,,10:35-12:05,,,,,,,,,,,,,,,,,,,,,,,,,,,,,,,,,,,,,,,
,,,12:10-13:40,,,,,,,,,,,,,,,,,,,,,,,,,,,,,,,,,,,,,,,
,,,14:10-15:40,,,,,,,,,,,,,,,,,,,,,,,,,,,,,,,,,,,,,,,
,,,15:45-17:15,,,,,,,,,,,,,,,,,,,,,,,,,,,,,,,,,,,,,,,
,,,17:20-18:50,,,,,,,,,,,,,,,,,,,,,,,,,,,,,,,"Psychology of IT-specialist
Eleonora Ilina
104",,,,,,,,
,,,18:55-20:25,,,,,,,,,,,,,,,,,,,,,,,,,,,,,,,,,,,,,,,
,,,20:30-22:00,,,,,,,,,,,,,,,,,,,,,,,,,,,,,,,,,,,,,,,
30/04/2020 ,Thursday,,09:00-10:30,,,,,,,,,,,,,,,,,,,,,,,,,,,"Functional Programming and Scala Language (Lec)
Eugene Zuev
101",,,,,,,,,,,,
,,,10:35-12:05,,,,,,,,,,,,,,,,,,,,,,,,,,"Consensus theory and concurrent programming on a shared memory (Lec)
Alexander Tormasov
314",,,,,,,,,,,,,
,,,12:10-13:40,,,,,,,,,,,,,,,,,,,,,,,,,,,,,,,,,,,,,,,
,,,14:10-15:40,,,,,,,,,,,,,,,,,,,,,,,,,,,,,,,,,,,,,,,
,,,15:45-17:15,,,,,,,,,,,,,,,,,,,,,,,,,,,,,,,,,,,,,,,
,,,17:20-18:50,,,,,,,,,,,,,,,,,,,,,,,,,,"Consensus theory and concurrent programming on a shared memory (Lab)
Artem Burmyakov
314",,,,,,"Russian as a foreign language (Beginners)
Svetlana Sokolova
320",,,,,,,
,,,18:55-20:25,,,,,,,,,,,,,,,,,,,,,,,,,,,,,,,,,,,,,,,
,,,20:30-22:00,,,,,,,,,,,,,,,,,,,,,,,,,,,,,,,,,,,,,,,
01/05/2020 ,Friday,,09:00-10:30,,,,,,,,,,,,,,,,,,,,,,,,,,,,"Practical Artificial Intelligence
Stanislav Protasov
101",,,,,,,,,,,
,,,10:35-12:05,,,,,,,,,,,,,,,,,,,,,,,,,,,,"Practical Artificial Intelligence
Stanislav Protasov
101",,,,,,,,,,,
,,,12:10-13:40,,,,,,,,,,,,,,,,,,,,,,,,,,,,,,,,,,,,,,,
,,,14:10-15:40,,,,,,,,,,,,,,,,,,,,,,,,,,,,,,,,,,,,,,,
,,,15:45-17:15,,,,,,,,,,,,,,,,,,,,,,,,,,,,,,,,,,,,,,,
,,,17:20-18:50,,,,,,,,,,,,,,,,,,,,,,,,,,,,,,,,"Russian as a foreign language (Advanced)
Svetlana Sokolova
320",,,,,,,
,,,18:55-20:25,,,,,,,,,,,,,,,,,,,,,,,,,,,,,,,,,,,,,,,
,,,20:30-22:00,,,,,,,,,,,,,,,,,,,,,,,,,,,,,,,,,,,,,,,
02/05/2020 ,Saturday,,09:00-10:30,,,,,,,"Enterprise programming on Javascript - Advanced
Andrey Vlasov
303",,,,,,,,,,,,,,,,,,,,,,,,,,,,,,,,
,,,10:35-12:05,,,,,,,"Enterprise programming on Javascript - Advanced
Andrey Vlasov
303",,,,,,,,,,,,,,,,,,,,,,,,,,,,,,,,
,,,12:10-13:40,,,,,,,"Enterprise programming on Javascript - Advanced
Andrey Vlasov
303",,,,,,,,,,,,,,,,,,,,,,,,,,,,,,,,
,,,14:10-15:40,,,,,,,,,,,,,,,,,,,,,,,,,,,,,,,,,,,,,,,
,,,15:45-17:15,,,,,,,,,,,,,,,,,,,,,,,,,,,,,,,,,,,,,,,
,,,17:20-18:50,,,,,,,,,,,,,,,,,,,,,,,,,,,,,,,,,,,,,,,
,,,18:55-20:25,,,,,,,,,,,,,,,,,,,,,,,,,,,,,,,,,,,,,,,
,,,20:30-22:00,,,,,,,,,,,,,,,,,,,,,,,,,,,,,,,,,,,,,,,
04/05/2020 ,Monday,,09:00-10:30,,,,,,,,,,,,,,,,,,,,,,,,,,,,,,,,,,,,,,,
,,,10:35-12:05,,,,,,,,,,,,,,,,,,,,,,,,,,,,,,,,,,,,,,,
,,,12:10-13:40,,,,,,,,,,,,,,,,,,,,,,,,,,,,,,,,,,,,,,,
,,,14:10-15:40,,,,,,,,,,,,,,,,,,,,,,,,,,,,,,,,,,,,,,,
,,,15:45-17:15,,,,,,,,,,,,,,,,,,,,,,,,,,,,,,,,,,,,,,,
,,,17:20-18:50,,,,,,,,,,,,,,,,,,,,,,,,,,,,,,,,,,,,,,,
,,,18:55-20:25,,,,,,,,,,,,,,,,,,,,,,,,,,,,,,,,,,,,,,,
,,,20:30-22:00,,,,,,,,,,,,,,,,,,,,,,,,,,,,,,,,,,,,,,,
05/05/2020 ,Tuesday,,09:00-10:30,,,,,,,,,,,,,,,,,,,,,,,,,,,,,,,,,,,,,,,
,,,10:35-12:05,,,,,,,,,,,,,,,,,,,,,,,,,,,,,,,,,,,,,,,
,,,12:10-13:40,,,,,,,,,,,,,,,,,,,,,,,,,,,,,,,,,,,,,,,
,,,14:10-15:40,,,,,,,,,,,,,,,,,,,,,,,,,,,,,,,,,,,,,,,
,,,15:45-17:15,,,,,,,,,,,,,,,,,,,,,,,,,,,,,,,,,,,,,,,
,,,17:20-18:50,,,,,,,,,,,,,,,,,,,,,,,,,,,,,,,,,,,,,,,
,,,18:55-20:25,,,,,,,,,,,,,,,,,,,,,,,,,,,,,,,,,,,,,,,
,,,20:30-22:00,,,,,,,,,,,,,,,,,,,,,,,,,,,,,,,,,,,,,,,
06/05/2020 ,Wednesday,,09:00-10:30,,,,,,,,,,,,,,,,,,,,,,,,,,,,,,,,,,,,,,,
,,,10:35-12:05,,,,,,,,,,,,,,,,,,,,,,,,,,,,,,,,,,,,,,,
,,,12:10-13:40,,,,,,,,,,,,,,,,,,,,,,,,,,,,,,,,,,,,,,,
,,,14:10-15:40,,,,,,,,,,,,,,,,,,,,,,,,,,,,,,,,,,,,,,,
,,,15:45-17:15,,,,,,,,,,,,,,,,,,,,,,,,,,,,,,,,,,,,,,,
,,,17:20-18:50,,,,,,,,,,,,,,,,,,,,,,,,,,,,,,,,,,,,,,,
,,,18:55-20:25,,,,,,,,,,,,,,,,,,,,,,,,,,,,,,,,,,,,,,,
,,,20:30-22:00,,,,,,,,,,,,,,,,,,,,,,,,,,,,,,,,,,,,,,,
07/05/2020 ,Thursday,,09:00-10:30,,,,,,,,,,,,,,,,,,,,,,,,,,,,,,,,,,,,,,,
,,,10:35-12:05,,,,,,,,,,,,,,,,,,,,,,,,,,,,,,,,,,,,,,,
,,,12:10-13:40,,,,,,,,,,,,,,,,,,,,,,,,,,,,,,,,,,,,,,,
,,,14:10-15:40,,,,,,,,,,,,,,,,,,,,,,,,,,,,,,,,,,,,,,,
,,,15:45-17:15,,,,,,,,,,,,,,,,,,,,,,,,,,,,,,,,,,,,,,,
,,,17:20-18:50,,,,,,,,,,,,,,,,,,,,,,,,,,,,,,,,,,,,,,,
,,,18:55-20:25,,,,,,,,,,,,,,,,,,,,,,,,,,,,,,,,,,,,,,,
,,,20:30-22:00,,,,,,,,,,,,,,,,,,,,,,,,,,,,,,,,,,,,,,,
08/05/2020 ,Friday,,09:00-10:30,,,,,,,,,,,,,,,,,,,,,,,,,,,,,,,,,,,,,,,
,,,10:35-12:05,,,,,,,,,,,,,,,,,,,,,,,,,,,,,,,,,,,,,,,
,,,12:10-13:40,,,,,,,,,,,,,,,,,,,,,,,,,,,,,,,,,,,,,,,
,,,14:10-15:40,,,,,,,,,,,,,,,,,,,,,,,,,,,,,,,,,,,,,,,
,,,15:45-17:15,,,,,,,,,,,,,,,,,,,,,,,,,,,,,,,,,,,,,,,
,,,17:20-18:50,,,,,,,,,,,,,,,,,,,,,,,,,,,,,,,,,,,,,,,
,,,18:55-20:25,,,,,,,,,,,,,,,,,,,,,,,,,,,,,,,,,,,,,,,
,,,20:30-22:00,,,,,,,,,,,,,,,,,,,,,,,,,,,,,,,,,,,,,,,
09/05/2020 ,Saturday,,09:00-10:30,,,,,,,,,,,,,,,,,,,,,,,,,,,,,,,,,,,,,,,
,,,10:35-12:05,,,,,,,,,,,,,,,,,,,,,,,,,,,,,,,,,,,,,,,
,,,12:10-13:40,,,,,,,,,,,,,,,,,,,,,,,,,,,,,,,,,,,,,,,
,,,14:10-15:40,,,,,,,,,,,,,,,,,,,,,,,,,,,,,,,,,,,,,,,
,,,15:45-17:15,,,,,,,,,,,,,,,,,,,,,,,,,,,,,,,,,,,,,,,
,,,17:20-18:50,,,,,,,,,,,,,,,,,,,,,,,,,,,,,,,,,,,,,,,
,,,18:55-20:25,,,,,,,,,,,,,,,,,,,,,,,,,,,,,,,,,,,,,,,
,,,20:30-22:00,,,,,,,,,,,,,,,,,,,,,,,,,,,,,,,,,,,,,,,
11/05/2020 ,Monday,,09:00-10:30,,,,,,,,,,,,,,,,,,,,,,,,,,,,,,,,,,,,,,,
,,,10:35-12:05,,,,,,,,,,,,,,,,,,,,,,,,,,,,,,,,,,,,,,,
,,,12:10-13:40,,,,,,,,,,,,,,,,,,,,,,,,,,,,,,,,,,,,,,,
,,,14:10-15:40,,,,,,,,,,,,,,,,,,,,,,,,,,,,,,,,,,,,,,,
,,,15:45-17:15,,,,,,,,,,,,,,,,,,,,,,,,,,,,,,,,,,,,,,,
,,,17:20-18:50,,,,,,,,,,,,,,,,,,,,,,,,,,,,,,,,,,,,,,,
,,,18:55-20:25,,,,,,,,,,,,,,,,,,,,,,,,,,,,,,,,,,,,,,,
,,,20:30-22:00,,,,,,,,,,,,,,,,,,,,,,,,,,,,,,,,,,,,,,,
12/05/2020 ,Tuesday,,09:00-10:30,,,,,,,,,,,,,,,,,,,,,,,,,,,,,,,,,,,,,,,
,,,10:35-12:05,,,,,,,,,,,,,,,,,,,,,,,,,,,,,,,,,,,,,,,
,,,12:10-13:40,,,,,,,,,,,,,,,,,,,,,,,,,,,,,,,,,,,,,,,
,,,14:10-15:40,,,,,,,,,,,,,,,,,,,,,,,,,,,,,,,,,,,,,,,
,,,15:45-17:15,,,,,,,,,,,,,,,,,,,,,,,,,,,,,,,,,,,,,,,
,,,17:20-18:50,,,,,,,,,,,,,,,,,,,,,,,,,,,,,,,,,,,,,,,
,,,18:55-20:25,,,,,,,,,,,,,,,,,,,,,,,,,,,,,,,,,,,,,,,
,,,20:30-22:00,,,,,,,,,,,,,,,,,,,,,,,,,,,,,,,,,,,,,,,
13/05/2020 ,Wednesday,,09:00-10:30,,,,,,,,,,,,,,,,,,,,,,,,,,,,,,,,,,,,,,,
,,,10:35-12:05,,,,,,,,,,,,,,,,,,,,,,,,,,,,,,,,,,,,,,,
,,,12:10-13:40,,,,,,,,,,,,,,,,,,,,,,,,,,,,,,,,,,,,,,,
,,,14:10-15:40,,,,,,,,,,,,,,,,,,,,,,,,,,,,,,,,,,,,,,,
,,,15:45-17:15,,,,,,,,,,,,,,,,,,,,,,,,,,,,,,,,,,,,,,,
,,,17:20-18:50,,,,,,,,,,,,,,,,,,,,,,,,,,,,,,,,,,,,,,,
,,,18:55-20:25,,,,,,,,,,,,,,,,,,,,,,,,,,,,,,,,,,,,,,,
14/05/2020 ,Thursday,,09:00-10:30,,,,,,,,,,,,,,,,,,,,,,,,,,,,,,,,,,,,,,,
,,,10:35-12:05,,,,,,,,,,,,,,,,,,,,,,,,,,,,,,,,,,,,,,,
,,,12:10-13:40,,,,,,,,,,,,,,,,,,,,,,,,,,,,,,,,,,,,,,,
,,,14:10-15:40,,,,,,,,,,,,,,,,,,,,,,,,,,,,,,,,,,,,,,,
,,,15:45-17:15,,,,,,,,,,,,,,,,,,,,,,,,,,,,,,,,,,,,,,,
,,,17:20-18:50,,,,,,,,,,,,,,,,,,,,,,,,,,,,,,,,,,,,,,,
,,,18:55-20:25,,,,,,,,,,,,,,,,,,,,,,,,,,,,,,,,,,,,,,,
,,,20:30-22:00,,,,,,,,,,,,,,,,,,,,,,,,,,,,,,,,,,,,,,,
15/05/2020 ,Friday,,09:00-10:30,,,,,,,,,,,,,,,,,,,,,,,,,,,,,,,,,,,,,,,
,,,10:35-12:05,,,,,,,,,,,,,,,,,,,,,,,,,,,,,,,,,,,,,,,
,,,12:10-13:40,,,,,,,,,,,,,,,,,,,,,,,,,,,,,,,,,,,,,,,
,,,14:10-15:40,,,,,,,,,"Product's highly loaded architecture
Konstantin Arkhipov
000",,,,,,,,,,,,,,,,,,,,,,,,,,,,,,
,,,15:45-17:15,,,,,,,,,"Product's highly loaded architecture
Konstantin Arkhipov
000",,,,,,,,,,,,,,,,,,,,,,,,,,,,,,
,,,17:20-18:50,,,,,,,,,,,,,,,,,,,,,,,,,,,,,,,,,,,,,,,
,,,18:55-20:25,,,,,,,,,,,,,,,,,,,,,,,,,,,,,,,,,,,,,,,
,,,20:30-22:00,,,,,,,,,,,,,,,,,,,,,,,,,,,,,,,,,,,,,,,